{
"type": "FeatureCollection",
"name": "swissboundaries3d_1_5_tlm_kantonsgebiet",
"crs": { "type": "name", "properties": { "name": "urn:ogc:def:crs:OGC:1.3:CRS84" } },
"features": [
{ "type": "Feature", "properties": { "NAME": "Genève", "KANTONSNUM": 25, "EINWOHNERZ": 531102, "ICC": "CH" }, "geometry": { "type": "MultiPolygon", "coordinates": [ [ [ [ 6.124229369990133, 46.317230341008695, 459.856 ], [ 6.126655758628324, 46.316978199714292, 467.837 ], [ 6.125938865161863, 46.316181408443263, 467.977 ], [ 6.128790472258699, 46.31529604407919, 471.716 ], [ 6.128125775853896, 46.314403100715026, 470.585 ], [ 6.129757136192287, 46.312868488221632, 468.048 ], [ 6.133695314122063, 46.310514769531174, 456.398 ], [ 6.134685543848245, 46.308891651509249, 453.825 ], [ 6.140777785985588, 46.305411776269047, 443.874 ], [ 6.140736700450035, 46.304736170539535, 443.012 ], [ 6.150629446494277, 46.300984804967683, 432.275 ], [ 6.153381081681521, 46.299159017362847, 426.16 ], [ 6.170296930205795, 46.294780419357338, 372.13 ], [ 6.198742733885511, 46.284429054815753, 372.13 ], [ 6.219551060940476, 46.311884482479883, 372.13 ], [ 6.243176281815027, 46.303384168759877, 371.944 ], [ 6.244700667156676, 46.304040836382519, 373.439 ], [ 6.245287649586904, 46.303026362966364, 374.099 ], [ 6.248892655543807, 46.302027224442405, 376.973 ], [ 6.246973239276771, 46.300015141038685, 380.39 ], [ 6.249308561586942, 46.298900214621682, 382.791 ], [ 6.247988515011317, 46.298008060724499, 383.682 ], [ 6.248965490699312, 46.297451145898478, 384.89 ], [ 6.248263944014163, 46.296516238508183, 386.286 ], [ 6.250158149630996, 46.296424733614344, 387.825 ], [ 6.248578521421372, 46.294253733223549, 390.533 ], [ 6.249378258394615, 46.293404329751091, 391.663 ], [ 6.251248968036795, 46.293229629276802, 393.209 ], [ 6.250371279271032, 46.291915833815317, 394.758 ], [ 6.252277370615955, 46.291807398552713, 396.619 ], [ 6.252968643960928, 46.290426146328052, 398.773 ], [ 6.25146807981608, 46.28806662691882, 401.679 ], [ 6.248696443149124, 46.287492382929521, 404.367 ], [ 6.248887978323411, 46.286467466926979, 405.281 ], [ 6.24624182609053, 46.285259309236039, 408.238 ], [ 6.241763724060192, 46.285035042069417, 410.989 ], [ 6.241936146047976, 46.28396027253838, 412.194 ], [ 6.239894824654189, 46.28207722944294, 413.758 ], [ 6.238001636086691, 46.282125618379141, 414.616 ], [ 6.239026546555421, 46.279466678425742, 417.735 ], [ 6.237583067304269, 46.277553663148467, 419.644 ], [ 6.23908986630981, 46.274930605607928, 422.099 ], [ 6.24287138109495, 46.272852791126766, 423.035 ], [ 6.249850147137131, 46.262197156567296, 432.682 ], [ 6.261671551446771, 46.254561279376887, 453.938 ], [ 6.260151951897665, 46.251679247662196, 458.982 ], [ 6.263014331746452, 46.250905426332878, 461.014 ], [ 6.266785897785987, 46.247693162802555, 460.966 ], [ 6.278703880360331, 46.251264520877378, 466.337 ], [ 6.278514261347171, 46.252460273064351, 469.331 ], [ 6.285250837021354, 46.254890549445172, 471.994 ], [ 6.283458477164012, 46.255971107217022, 468.799 ], [ 6.286579036144896, 46.257352970300467, 468.996 ], [ 6.289800513115222, 46.259960639034936, 466.943 ], [ 6.292274728707332, 46.263530279955198, 454.52 ], [ 6.294860843574343, 46.264592348713983, 455.736 ], [ 6.296324740364662, 46.26422876913476, 458.471 ], [ 6.296595647681245, 46.263279329657188, 459.977 ], [ 6.295287669140897, 46.260147658519813, 467.247 ], [ 6.293924835443033, 46.259528274513329, 465.952 ], [ 6.295016327443515, 46.256059638595467, 471.52 ], [ 6.302069812483827, 46.254723927495135, 482.628 ], [ 6.30647194967864, 46.256476958408776, 491.024 ], [ 6.30975512578953, 46.256225466805674, 499.458 ], [ 6.305695675011761, 46.251368432561044, 499.747 ], [ 6.309422069999076, 46.250077153806593, 514.254 ], [ 6.308690441585926, 46.247486664261032, 516.533 ], [ 6.310282375243037, 46.243975038715845, 512.945 ], [ 6.295728036745999, 46.226037211818408, 509.869 ], [ 6.276973502077459, 46.215521666968044, 493.827 ], [ 6.268671547878565, 46.213515392539037, 470.102 ], [ 6.266295814893645, 46.213574815940838, 468.615 ], [ 6.254101571462514, 46.209240716340837, 462.575 ], [ 6.249188755333725, 46.205848486985523, 447.143 ], [ 6.24955074215423, 46.20498979459677, 443.104 ], [ 6.247362055264973, 46.205342161759425, 443.583 ], [ 6.244766078004806, 46.206912237304294, 447.195 ], [ 6.245151234379147, 46.204965793174374, 437.283 ], [ 6.243028140118615, 46.204503952731308, 435.205 ], [ 6.238990243353167, 46.205140452082183, 434.144 ], [ 6.236669440764103, 46.206433130601582, 432.438 ], [ 6.234014363458839, 46.206423364142573, 432.225 ], [ 6.230143242098023, 46.204462516105295, 429.617 ], [ 6.229914208384952, 46.203393678565646, 431.116 ], [ 6.227783279295999, 46.203342667331555, 428.357 ], [ 6.228149065048364, 46.202448886678319, 427.84 ], [ 6.221938112937666, 46.200666423310906, 427.758 ], [ 6.222238503597763, 46.198965798758188, 425.319 ], [ 6.218310546102113, 46.198687149090006, 424.344 ], [ 6.216011909677387, 46.195046182424974, 419.678 ], [ 6.214023704305622, 46.19385927312527, 419.48 ], [ 6.212728222219832, 46.194298139668255, 419.938 ], [ 6.21152822018994, 46.193076879335038, 416.902 ], [ 6.212269840782906, 46.192786911284998, 415.954 ], [ 6.208897647265484, 46.192778887013688, 415.546 ], [ 6.205190420973099, 46.191762741734955, 412.451 ], [ 6.204881561608897, 46.189790757247614, 408.59 ], [ 6.202721701655675, 46.189089388707096, 410.044 ], [ 6.20162405915037, 46.186732118385294, 405.144 ], [ 6.198737035345843, 46.185255039372088, 403.546 ], [ 6.19785120479416, 46.183401122438596, 401.735 ], [ 6.194981339437454, 46.184206367848994, 399.185 ], [ 6.194952814979261, 46.18341088685127, 398.984 ], [ 6.191179837740223, 46.181314497005744, 395.152 ], [ 6.188473585449406, 46.181609922516081, 394.816 ], [ 6.188976699732316, 46.180660225251145, 392.889 ], [ 6.18705757086497, 46.180364001974695, 392.542 ], [ 6.186239396475246, 46.175390312677614, 394.033 ], [ 6.188776217671998, 46.166387954323966, 421.171 ], [ 6.185614358895219, 46.164146176434144, 427.917 ], [ 6.174222390149018, 46.157805685137632, 430.444 ], [ 6.168566047511502, 46.157163182350871, 430.79 ], [ 6.157346436053206, 46.152659470198572, 446.099 ], [ 6.153887773321371, 46.152213743642427, 450.544 ], [ 6.148641780288036, 46.15008873898406, 454.861 ], [ 6.146302631267942, 46.147167323671347, 461.509 ], [ 6.147257923174801, 46.146676001261064, 464.455 ], [ 6.144882198832083, 46.144949629195104, 468.454 ], [ 6.142689117627333, 46.145859324914916, 465.886 ], [ 6.14189405819169, 46.147225601651222, 464.292 ], [ 6.141497033041089, 46.145492000902721, 468.029 ], [ 6.136877514096789, 46.142969411401097, 477.99 ], [ 6.136440499517148, 46.141589452821982, 482.723 ], [ 6.132863275364723, 46.140850509886562, 482.712 ], [ 6.132090100060367, 46.141495968083689, 483.741 ], [ 6.130542139643095, 46.140406083964805, 482.304 ], [ 6.128148013847067, 46.140317908246445, 482.982 ], [ 6.120159682765393, 46.14275696820701, 473.598 ], [ 6.110325493282444, 46.142787205607149, 467.049 ], [ 6.109423717263586, 46.143508818744088, 466.48 ], [ 6.107731605242635, 46.142913723519094, 465.566 ], [ 6.106331176684722, 46.144038870115224, 465.435 ], [ 6.103047218437512, 46.144317616356851, 463.378 ], [ 6.098493990750007, 46.143819919658732, 465.29 ], [ 6.095790661857142, 46.148269470219653, 460.071 ], [ 6.091811572213838, 46.151946481984922, 445.542 ], [ 6.074914616682518, 46.148842340934628, 424.74 ], [ 6.072339199928043, 46.149943739568172, 423.753 ], [ 6.052263180938048, 46.151342904408857, 451.247 ], [ 6.048521769848704, 46.147117156856197, 458.16 ], [ 6.047614346089663, 46.142201159703134, 444.378 ], [ 6.045078496275222, 46.139967407127727, 462.926 ], [ 6.042478269508732, 46.141411224544861, 458.265 ], [ 6.041041321432576, 46.139978977256746, 459.394 ], [ 6.039297397122211, 46.139639454322406, 461.256 ], [ 6.036459328690911, 46.137230587303122, 464.742 ], [ 6.035393814910663, 46.134333148832809, 444.527 ], [ 6.034592855015831, 46.13675188684487, 440.048 ], [ 6.033431696904509, 46.136618184405187, 437.974 ], [ 6.033674892586584, 46.137927843523862, 434.72 ], [ 6.032477156065934, 46.137917195470791, 432.335 ], [ 6.03300949009228, 46.138708160261409, 430.393 ], [ 6.031451144910931, 46.137983875827928, 427.566 ], [ 6.031655370699237, 46.139396123227336, 424.538 ], [ 6.029036705879888, 46.139376694945646, 418.367 ], [ 6.028452160041223, 46.140437517450465, 416.86 ], [ 6.023902498524283, 46.140381779972586, 410.995 ], [ 6.02252593261378, 46.141657517333137, 406.311 ], [ 6.0212274443898, 46.141109720114258, 405.096 ], [ 6.020153483898682, 46.142061716047671, 402.751 ], [ 6.015012597893318, 46.143075702081752, 396.928 ], [ 6.013080996213751, 46.142099764769263, 391.967 ], [ 6.009603366493631, 46.142092330129906, 387.565 ], [ 6.008547677528182, 46.14281907361547, 385.636 ], [ 6.003229288794924, 46.141776698889871, 379.268 ], [ 5.999870908988915, 46.143144742854695, 374.186 ], [ 5.997144250159155, 46.142847545060377, 370.374 ], [ 5.996403426138892, 46.143778101487797, 368.423 ], [ 5.994621377543502, 46.143641163377225, 366.045 ], [ 5.994101292490859, 46.144569450280052, 365.38 ], [ 5.9903499123999, 46.143303376258444, 361.923 ], [ 5.988863878757166, 46.143825005390333, 360.473 ], [ 5.9869898352728, 46.142567629743979, 358.184 ], [ 5.98548084653832, 46.1434095940104, 356.185 ], [ 5.983503367229174, 46.142988943843939, 355.19 ], [ 5.982445804160382, 46.142290746827491, 354.102 ], [ 5.981928953303981, 46.137407679528117, 401.232 ], [ 5.976711637919697, 46.133155356384499, 425.378 ], [ 5.972965883757232, 46.131622767423714, 402.553 ], [ 5.969475989924088, 46.132038395867589, 357.751 ], [ 5.965200421757322, 46.129684741599185, 414.048 ], [ 5.961105357341476, 46.130802831144074, 344.596 ], [ 5.956846346610298, 46.128756771917388, 339.575 ], [ 5.95590199191175, 46.132355642564519, 330.61 ], [ 5.964924366982374, 46.1364393488304, 331.256 ], [ 5.966256290980093, 46.137887856311956, 331.209 ], [ 5.964314012646629, 46.142149692549808, 332.173 ], [ 5.964295331610824, 46.144767272837456, 333.402 ], [ 5.980098988908092, 46.166279274820432, 347.712 ], [ 5.981934376780728, 46.173216217599986, 347.12 ], [ 5.984104742433544, 46.173673289117154, 347.508 ], [ 5.986655176368568, 46.170765372170173, 347.189 ], [ 5.988037225504045, 46.170773892953477, 347.426 ], [ 5.990088415748328, 46.175649470161737, 347.155 ], [ 5.991733427763549, 46.176842014216987, 347.226 ], [ 5.990409765241941, 46.177597661538755, 350.499 ], [ 5.994911957918096, 46.181839439844524, 372.482 ], [ 5.994952269053928, 46.183012083542231, 376.306 ], [ 5.993382358900112, 46.184043518201797, 385.924 ], [ 5.992222928315809, 46.186547521671024, 402.652 ], [ 5.990298166574148, 46.187803765302831, 415.913 ], [ 5.983812773759281, 46.188871292597845, 469.602 ], [ 5.981960422046234, 46.190024011845274, 493.866 ], [ 5.982816689451134, 46.190770736075436, 492.99 ], [ 5.963727617482183, 46.197006588766484, 458.396 ], [ 5.965635351884694, 46.199532344622959, 450.962 ], [ 5.968212251453211, 46.200017635387717, 446.988 ], [ 5.969246133295211, 46.201219192064762, 443.902 ], [ 5.973429983032856, 46.202575313412055, 435.14 ], [ 5.970655313607069, 46.204461074760516, 449.211 ], [ 5.969254449774347, 46.206626900231136, 458.181 ], [ 5.973357965766415, 46.213715673846629, 472.759 ], [ 5.979172357779348, 46.217251953353525, 433.771 ], [ 5.987398156634923, 46.216741701418343, 411.14 ], [ 5.992775221967872, 46.215221415673611, 399.367 ], [ 5.993551422471364, 46.217898529767126, 430.997 ], [ 5.99018751679974, 46.221719045973316, 445.654 ], [ 5.992944975974004, 46.222960598056687, 427.799 ], [ 5.998017954132559, 46.222137702605565, 412.384 ], [ 6.000035760773152, 46.220031099836952, 399.546 ], [ 6.001539241701113, 46.22050014654458, 401.943 ], [ 6.00351484082415, 46.222775545675724, 403.398 ], [ 6.007188906747303, 46.223880955716155, 407.316 ], [ 6.006571091668296, 46.226541115220954, 412.131 ], [ 6.008061037325131, 46.226401749387314, 413.03 ], [ 6.009747340718996, 46.227270240839033, 414.091 ], [ 6.009561202742061, 46.228995284753104, 415.273 ], [ 6.012279284608015, 46.228480677856467, 416.284 ], [ 6.013341048060633, 46.229053358346192, 416.829 ], [ 6.012956485927244, 46.231049161258973, 418.651 ], [ 6.0152613369472, 46.230442817780975, 419.231 ], [ 6.016434265208565, 46.231984246920007, 420.321 ], [ 6.018483755553961, 46.231572386002192, 424.596 ], [ 6.02549593482618, 46.23322558089145, 434.438 ], [ 6.033652884773154, 46.238551450056455, 441.777 ], [ 6.046111359297683, 46.231393623221315, 442.294 ], [ 6.05588761225449, 46.241658170356189, 452.914 ], [ 6.060107455824133, 46.244840705274186, 457.997 ], [ 6.063345995713177, 46.245801553694477, 456.454 ], [ 6.067286218385891, 46.241782038217963, 431.544 ], [ 6.069551947614085, 46.241167031629558, 424.372 ], [ 6.071809613404231, 46.242192287108111, 427.785 ], [ 6.073024970572445, 46.241349211457816, 424.184 ], [ 6.073536285882165, 46.243711912253488, 428.051 ], [ 6.075555259508084, 46.243590120806587, 425.899 ], [ 6.077155051118765, 46.244670670432683, 427.503 ], [ 6.077829114444599, 46.244229397096845, 425.891 ], [ 6.079525242121472, 46.245403759946313, 426.149 ], [ 6.082516901029378, 46.2453926314179, 426.016 ], [ 6.084392076443113, 46.247022111331177, 423.466 ], [ 6.085540134017628, 46.245963796935662, 423.489 ], [ 6.088056188813304, 46.247125701063524, 423.777 ], [ 6.088512547523949, 46.245880662984838, 423.523 ], [ 6.090686407029898, 46.245125241463924, 424.072 ], [ 6.101450422767519, 46.237646662176893, 421.947 ], [ 6.106853104255983, 46.241170864676953, 422.533 ], [ 6.108827496103119, 46.239870376028293, 419.555 ], [ 6.120786215762212, 46.24801546580273, 415.643 ], [ 6.120293993218607, 46.248503127548375, 415.997 ], [ 6.124468136996812, 46.251254241515355, 413.327 ], [ 6.124457454984077, 46.25259259950208, 401.941 ], [ 6.120829504789276, 46.254555701809288, 407.018 ], [ 6.122754887972155, 46.256451728913092, 409.492 ], [ 6.12151408159187, 46.25770229968019, 411.004 ], [ 6.122535097297702, 46.258178154455742, 411.497 ], [ 6.11808280234402, 46.263448363788704, 424.563 ], [ 6.119982087965813, 46.264830623590406, 424.643 ], [ 6.116210920835358, 46.266285400626629, 426.773 ], [ 6.115425796265832, 46.265942394109373, 428.693 ], [ 6.109899343703349, 46.270574643720025, 456.154 ], [ 6.113514265473639, 46.2725525469845, 445.033 ], [ 6.108534070484231, 46.274742100443724, 458.482 ], [ 6.107154415353585, 46.276537740370195, 464.859 ], [ 6.103265469408967, 46.27866560830293, 470.14 ], [ 6.105084062301769, 46.282961126291191, 475.54 ], [ 6.104425718448606, 46.284205340532012, 476.0 ], [ 6.102389888357232, 46.284939887856275, 481.025 ], [ 6.111617708582115, 46.291499048817577, 470.277 ], [ 6.114075538898414, 46.294716111036372, 466.602 ], [ 6.116317671261664, 46.294013390829981, 457.52 ], [ 6.11963710357332, 46.29431733381444, 433.973 ], [ 6.118561221524507, 46.295908723103096, 437.518 ], [ 6.120870204694061, 46.297007749703056, 439.47 ], [ 6.120007293833472, 46.298132716915028, 441.166 ], [ 6.121791838898079, 46.299112818244339, 442.536 ], [ 6.121295216244559, 46.300833186060785, 444.581 ], [ 6.119972332756251, 46.300979074678473, 445.961 ], [ 6.11877039267757, 46.302804031617001, 446.966 ], [ 6.120019837336068, 46.303686537215761, 447.811 ], [ 6.120258091304307, 46.305155398298822, 448.742 ], [ 6.119443705134793, 46.305584334221209, 449.189 ], [ 6.120766286276427, 46.306813993108968, 450.077 ], [ 6.119190729141118, 46.307845885662729, 451.066 ], [ 6.120222073309855, 46.309660602437397, 452.432 ], [ 6.119793446170291, 46.312487514756192, 455.251 ], [ 6.124111127425693, 46.315526572622218, 458.273 ], [ 6.124229369990133, 46.317230341008695, 459.856 ] ] ], [ [ [ 6.232321812065893, 46.330435296258329, 372.13 ], [ 6.206142640181782, 46.339359136570685, 375.811 ], [ 6.204160740921068, 46.339662296572769, 379.238 ], [ 6.20357637969105, 46.338820640527182, 379.264 ], [ 6.193127208963626, 46.343717035924151, 405.654 ], [ 6.194885180530619, 46.348616263555961, 408.186 ], [ 6.191449890241074, 46.348601447450164, 414.93 ], [ 6.188809252314017, 46.350125104695813, 425.165 ], [ 6.186268104830789, 46.349537395234996, 439.855 ], [ 6.182946034991269, 46.350725816935316, 449.869 ], [ 6.183315466615846, 46.351172630811142, 448.958 ], [ 6.180323200858544, 46.352772613628908, 456.072 ], [ 6.172706788052215, 46.354805584286488, 463.224 ], [ 6.171099146232656, 46.358400975292064, 467.185 ], [ 6.176250257088724, 46.36004784909143, 460.689 ], [ 6.174016376953842, 46.361778255141679, 472.004 ], [ 6.17441203557873, 46.362380613428726, 472.813 ], [ 6.180248367658019, 46.364578549997468, 471.851 ], [ 6.186932358217943, 46.360539558131777, 458.409 ], [ 6.197667400957493, 46.36040536125649, 436.705 ], [ 6.199959539151886, 46.355615254177422, 413.254 ], [ 6.202062742400739, 46.354764971737588, 404.921 ], [ 6.207059125527016, 46.355063001636317, 386.967 ], [ 6.211932578515826, 46.353781531833128, 374.359 ], [ 6.241432138979665, 46.343667939238742, 372.13 ], [ 6.232321812065893, 46.330435296258329, 372.13 ] ] ], [ [ [ 6.166785581046581, 46.343087573691108, 472.609 ], [ 6.171802836169094, 46.349840527187496, 469.768 ], [ 6.173952582535135, 46.348946931837588, 463.639 ], [ 6.175563953847909, 46.351326352747193, 461.711 ], [ 6.184428047080724, 46.345845753612714, 441.454 ], [ 6.181687188409455, 46.34368498849895, 438.553 ], [ 6.174531588838352, 46.346919215599968, 459.341 ], [ 6.172242919320362, 46.34444468448077, 456.754 ], [ 6.172625501434432, 46.341634692761872, 455.589 ], [ 6.17130333993183, 46.340565819741144, 455.204 ], [ 6.166785581046581, 46.343087573691108, 472.609 ] ] ] ] } },
{ "type": "Feature", "properties": { "NAME": "Valais", "KANTONSNUM": 23, "EINWOHNERZ": 371288, "ICC": "CH" }, "geometry": { "type": "Polygon", "coordinates": [ [ [ 8.477640569273641, 46.527614673499706, 3024.646000000000186 ], [ 8.478475610110216, 46.526786172010326, 2977.777 ], [ 8.477972737828084, 46.524949875240793, 3114.880999999999858 ], [ 8.472819871316764, 46.523236543622417, 3064.063000000000102 ], [ 8.470734083132957, 46.519852854264563, 2986.335999999999785 ], [ 8.466134775264109, 46.517569762679379, 3192.476999999999862 ], [ 8.46624406503755, 46.516818817818589, 3142.610999999999876 ], [ 8.462697688870524, 46.51435715278901, 2862.806999999999789 ], [ 8.460414985179652, 46.511285694136681, 2709.455 ], [ 8.454944083542422, 46.507877838315565, 2975.759 ], [ 8.451704176263187, 46.507800872723266, 2997.764999999999873 ], [ 8.444873226669264, 46.497735038794431, 2763.590999999999894 ], [ 8.445146801616328, 46.496907919471539, 2804.949999999999818 ], [ 8.443071194624491, 46.495384892416666, 2875.531 ], [ 8.434464323851456, 46.497064590102362, 2884.092 ], [ 8.431666853007803, 46.496976486586725, 2902.902 ], [ 8.430244666207676, 46.495925664346359, 2804.378000000000156 ], [ 8.41968093529538, 46.492617856881431, 2839.643 ], [ 8.414425023379904, 46.494734156423718, 2795.598 ], [ 8.411965092735551, 46.493899236297985, 2831.210999999999785 ], [ 8.411082297766969, 46.492787468649958, 2890.913 ], [ 8.401423410438587, 46.492448103936354, 2807.402 ], [ 8.398823231431901, 46.494184385115929, 2853.435 ], [ 8.394785779663046, 46.493855018144849, 2995.165 ], [ 8.392378569641863, 46.494647345489227, 3042.333 ], [ 8.39158155905371, 46.491855134415566, 2844.880999999999858 ], [ 8.394343085446875, 46.487745676577426, 2709.94 ], [ 8.394290348752785, 46.483701846807257, 2783.163 ], [ 8.391469983682509, 46.482595057213295, 2613.319 ], [ 8.387069748051561, 46.477907324230387, 2486.626000000000204 ], [ 8.388323149512548, 46.477423619828066, 2479.545 ], [ 8.386495649593581, 46.477024165689343, 2486.164000000000215 ], [ 8.385991451497658, 46.475676189800048, 2501.313000000000102 ], [ 8.389558760313031, 46.472594392374262, 2446.398000000000138 ], [ 8.389965497138395, 46.469733272239566, 2624.694 ], [ 8.392293481221255, 46.469597618278343, 2771.621999999999844 ], [ 8.392468946669453, 46.467968021008325, 2846.523000000000138 ], [ 8.388507715075445, 46.467261439916619, 2858.304999999999836 ], [ 8.38545950860953, 46.465570085035644, 2841.085 ], [ 8.386376595212125, 46.463215564270634, 2688.163 ], [ 8.385745577240074, 46.461817260036099, 2615.829000000000178 ], [ 8.382328901540513, 46.459918651377606, 2541.344 ], [ 8.384739007152831, 46.452311510509553, 2929.018 ], [ 8.383325140315465, 46.451258032132777, 2829.612999999999829 ], [ 8.377831395166352, 46.450935716543157, 2698.556999999999789 ], [ 8.375295035068531, 46.453126938034501, 2568.056 ], [ 8.36693577695058, 46.451922418907891, 2472.393 ], [ 8.355762249436429, 46.446963741938355, 2667.074999999999818 ], [ 8.352464361145486, 46.441643358092442, 3028.289000000000215 ], [ 8.350800304252695, 46.441475082951342, 3042.728999999999814 ], [ 8.345222094105344, 46.437458299401868, 2932.255000000000109 ], [ 8.342898278915305, 46.436704038369378, 3009.958 ], [ 8.336775280924485, 46.43168954850821, 3040.237999999999829 ], [ 8.331515744394554, 46.429686868393333, 3161.679999999999836 ], [ 8.329627210729706, 46.428137686881172, 3229.603999999999814 ], [ 8.328031909793035, 46.428261916621118, 3287.67 ], [ 8.325441332603599, 46.425714756925224, 3176.529 ], [ 8.31496381106626, 46.423632289967635, 3142.637000000000171 ], [ 8.309650182946333, 46.424281146458341, 3224.667 ], [ 8.307745203421428, 46.425892764051063, 3374.346 ], [ 8.306655860037864, 46.424414326519248, 3316.034999999999854 ], [ 8.303768758813542, 46.423342018614036, 3252.708999999999833 ], [ 8.302924414160458, 46.420811501210281, 3195.348 ], [ 8.298897186927725, 46.417438604490002, 3186.518 ], [ 8.299589925700637, 46.41663015081707, 3121.156 ], [ 8.29861432320331, 46.416003978867984, 3139.563000000000102 ], [ 8.298948763434536, 46.414246371407501, 3091.449999999999818 ], [ 8.28893444191498, 46.408110340002665, 3093.181999999999789 ], [ 8.289684429535287, 46.407239785471624, 3160.335999999999785 ], [ 8.293000190696389, 46.406533167235381, 3179.623999999999796 ], [ 8.29441377104755, 46.405055775923145, 3164.523999999999887 ], [ 8.299087924308052, 46.404878843970089, 3180.148000000000138 ], [ 8.303547989214806, 46.402450877066663, 3047.260000000000218 ], [ 8.306604232653775, 46.402026401016066, 3074.908 ], [ 8.309672998144471, 46.404025136386657, 3183.011 ], [ 8.311358964674138, 46.401330956851581, 3006.840999999999894 ], [ 8.315732884454258, 46.398966280898534, 2995.784000000000106 ], [ 8.317292701843996, 46.39400066158202, 2905.598 ], [ 8.314719378565433, 46.392194609087568, 2996.467 ], [ 8.314157094314496, 46.389825549071908, 2954.496999999999844 ], [ 8.314773507884356, 46.388599747969728, 3016.297999999999774 ], [ 8.318408145370654, 46.386973641706582, 3230.204000000000178 ], [ 8.318741720147866, 46.386126594991403, 3212.762000000000171 ], [ 8.314946899965546, 46.383949501508575, 3163.681 ], [ 8.313903942798007, 46.381812491565171, 2964.842 ], [ 8.314819991878597, 46.380587961202714, 2865.946 ], [ 8.312697295892036, 46.378168052470322, 2843.012000000000171 ], [ 8.312899998799862, 46.377066758345748, 2791.717 ], [ 8.300013738328074, 46.374075081072405, 2540.518999999999778 ], [ 8.295546603074484, 46.371492468160206, 2419.951 ], [ 8.295145801435043, 46.370471728688969, 2445.717 ], [ 8.289794133247842, 46.36913890193923, 2496.014000000000124 ], [ 8.289309019303674, 46.36811465356184, 2512.152 ], [ 8.285409379276066, 46.365953188089712, 2722.679 ], [ 8.284282725632858, 46.363631172146022, 2868.389000000000124 ], [ 8.275320932697451, 46.365376228026392, 2723.023999999999887 ], [ 8.273075377581419, 46.366862431406567, 2764.152 ], [ 8.263772822063085, 46.36402368901576, 2826.859 ], [ 8.260743212572526, 46.360475968640898, 2897.65099999999984 ], [ 8.265034550158429, 46.357109465739626, 2877.587 ], [ 8.264352638870729, 46.355967369356222, 2806.004 ], [ 8.26587982347168, 46.351844102285177, 2757.755999999999858 ], [ 8.262840837889051, 46.350955273963464, 2659.373999999999796 ], [ 8.259928141820236, 46.348662791239384, 2556.579000000000178 ], [ 8.262402064721025, 46.347806132788087, 2623.576 ], [ 8.262883918609205, 46.345966960266338, 2758.764000000000124 ], [ 8.259919549821369, 46.345232073281068, 2646.215000000000146 ], [ 8.259048643495431, 46.346352235857466, 2599.583 ], [ 8.252944070522712, 46.346441864846817, 2475.322000000000116 ], [ 8.251139621204088, 46.344898470995581, 2482.561000000000149 ], [ 8.250042974701104, 46.340758650070136, 2883.601000000000113 ], [ 8.241415653272242, 46.339593715697276, 2784.404 ], [ 8.237436712839747, 46.340630716451727, 2733.438000000000102 ], [ 8.235424449425869, 46.34036450463342, 2752.071 ], [ 8.228018951311869, 46.335715310485703, 2947.333 ], [ 8.223995971348026, 46.334448758603536, 3106.949 ], [ 8.225024492741314, 46.332860992036373, 3086.313999999999851 ], [ 8.224008169881126, 46.331337554989624, 3083.179999999999836 ], [ 8.221613416216652, 46.330247020454408, 3101.366 ], [ 8.223522843356985, 46.329005335896078, 3073.826 ], [ 8.22301732791569, 46.326675935088147, 3061.422999999999774 ], [ 8.225070431999184, 46.326411285868438, 3143.112999999999829 ], [ 8.221724846681838, 46.323024926556378, 3090.924 ], [ 8.214654396698455, 46.31966238226304, 3030.542 ], [ 8.214927850105052, 46.316228778320699, 3074.181 ], [ 8.211240989357268, 46.312589571315677, 2930.255999999999858 ], [ 8.21201220787354, 46.309277471655186, 2742.181999999999789 ], [ 8.198750818963193, 46.302251124814291, 3102.098 ], [ 8.196174619423356, 46.302298797597402, 3219.681 ], [ 8.194438136638368, 46.3034443372255, 3244.041000000000167 ], [ 8.185924910969185, 46.300907233730072, 3091.879 ], [ 8.178897760871424, 46.297390328613197, 3048.420999999999822 ], [ 8.174952376565354, 46.29776802477658, 2940.456000000000131 ], [ 8.175046227816434, 46.297020196227692, 2940.8449999999998 ], [ 8.165288730409037, 46.296948217099683, 2776.431999999999789 ], [ 8.160955337229071, 46.295929659682898, 2873.449 ], [ 8.156047158144384, 46.297118738342043, 2850.973 ], [ 8.15248741613048, 46.299475899515549, 2940.708 ], [ 8.149944989967869, 46.299795944254811, 2950.725 ], [ 8.14963105408771, 46.30062433839467, 2981.577000000000226 ], [ 8.147002139980357, 46.301537831545062, 3044.751000000000204 ], [ 8.141013800957008, 46.302123056615883, 3156.556999999999789 ], [ 8.137375940518345, 46.301705826875839, 3075.666000000000167 ], [ 8.130892450736523, 46.297314524426078, 2967.2199999999998 ], [ 8.128856765563334, 46.294754247794693, 3119.271000000000186 ], [ 8.125161022036744, 46.294520573346034, 3186.746999999999844 ], [ 8.120857243107697, 46.291874160958386, 2965.652 ], [ 8.118794775549999, 46.289117599495995, 2863.123999999999796 ], [ 8.118313153038326, 46.286013535239711, 2842.960999999999785 ], [ 8.116597371678365, 46.285142003224728, 2852.898000000000138 ], [ 8.113563617984413, 46.281143986065537, 2733.443000000000211 ], [ 8.111516219453804, 46.280229720169643, 2806.694 ], [ 8.105455730459607, 46.279647794585415, 2985.038 ], [ 8.103687980710388, 46.276545824313551, 2772.291000000000167 ], [ 8.10049773507701, 46.273701535145094, 2820.351999999999862 ], [ 8.098172138268943, 46.273037975542103, 2828.848 ], [ 8.096658867691072, 46.271236300306391, 2806.467 ], [ 8.093908376622011, 46.270309703403122, 2889.251000000000204 ], [ 8.092884823522686, 46.269100160457988, 2910.123999999999796 ], [ 8.08592841469614, 46.266618367707729, 3234.141 ], [ 8.086873906456786, 46.265615696740156, 3142.601999999999862 ], [ 8.086058105605488, 46.262114182483273, 2931.744000000000142 ], [ 8.08431901541678, 46.260952413451221, 2920.208 ], [ 8.080412403235309, 46.260629605241711, 2848.143 ], [ 8.082614309611555, 46.25653854016339, 2800.965000000000146 ], [ 8.086067657133921, 46.255561746114516, 2852.225 ], [ 8.086245254658378, 46.25428357810307, 2890.628000000000156 ], [ 8.087740447725087, 46.253763296327371, 2929.612999999999829 ], [ 8.097000047718286, 46.25252708877322, 3071.708999999999833 ], [ 8.098529242522549, 46.253230040541091, 3078.251000000000204 ], [ 8.101350965059298, 46.252413299638242, 3163.54 ], [ 8.101618116691611, 46.249469157377533, 3397.991 ], [ 8.105416443169943, 46.250074174220536, 3409.382999999999811 ], [ 8.110155312575239, 46.249505353619718, 3553.232 ], [ 8.111974875428306, 46.245319508314019, 3372.656 ], [ 8.111518120099339, 46.241143782999686, 3280.348 ], [ 8.113034414439662, 46.238738672865168, 3208.253000000000156 ], [ 8.114854607864219, 46.237770476082339, 3150.27599999999984 ], [ 8.115328209386082, 46.236003812062847, 2973.549 ], [ 8.117642345734614, 46.236602020043293, 2920.585999999999785 ], [ 8.120479475567112, 46.236032207897168, 2866.22400000000016 ], [ 8.124190673483007, 46.231383858189638, 2923.176 ], [ 8.124274130370415, 46.229622305532644, 2875.018 ], [ 8.127317741718485, 46.228277585331419, 2767.079000000000178 ], [ 8.130281259613282, 46.22803139449443, 2775.708 ], [ 8.13360613891091, 46.226464092769405, 2751.766 ], [ 8.138878216243278, 46.22614869175716, 2857.199 ], [ 8.143525502425621, 46.21159543215925, 2075.695000000000164 ], [ 8.15139256297693, 46.202821267905314, 1314.43 ], [ 8.152234735131909, 46.197494425051495, 825.572 ], [ 8.151343081493309, 46.196125517034297, 802.087 ], [ 8.152281300567255, 46.195751653607829, 800.27 ], [ 8.153294938564489, 46.191103539429513, 1488.902 ], [ 8.15724058488766, 46.189528441350085, 1648.244999999999891 ], [ 8.1655100386477, 46.182227829531868, 2236.451 ], [ 8.165284684714392, 46.176915380104333, 2518.664000000000215 ], [ 8.16218518738185, 46.176135576418204, 2580.038 ], [ 8.158581839259325, 46.174064525792247, 2550.069 ], [ 8.155699490704057, 46.167989777864982, 2215.136 ], [ 8.151088134827086, 46.165257970327616, 2123.679 ], [ 8.149878940590215, 46.162503275207314, 2204.137000000000171 ], [ 8.149741689541623, 46.156937963896759, 2197.5 ], [ 8.153116351589725, 46.153962423035303, 2212.098 ], [ 8.15319799502403, 46.14847950511632, 2407.315999999999804 ], [ 8.155344940582522, 46.147631514554242, 2431.779 ], [ 8.153979073183551, 46.147023209425448, 2403.188000000000102 ], [ 8.150002159684304, 46.140681326469988, 2409.398999999999887 ], [ 8.144389663596401, 46.136823565420478, 2446.125 ], [ 8.138394830238795, 46.135840500147857, 2609.871999999999844 ], [ 8.13564918523589, 46.137012581935238, 2600.58 ], [ 8.125187670749053, 46.135272533486095, 2589.35 ], [ 8.123392419334948, 46.134849340582299, 2652.045 ], [ 8.121766307261897, 46.132695098609162, 2682.476999999999862 ], [ 8.115415962255961, 46.130346345537703, 2548.639999999999873 ], [ 8.11457321959444, 46.129547401780236, 2533.820000000000164 ], [ 8.115952150307466, 46.127074033633093, 2448.570000000000164 ], [ 8.114244390419955, 46.124138160524403, 2405.860999999999876 ], [ 8.115303933148596, 46.122221097728215, 2399.422999999999774 ], [ 8.11371781250336, 46.119748365861284, 2423.58 ], [ 8.113807630888228, 46.117439856845095, 2522.504 ], [ 8.112855780135725, 46.116196214108797, 2553.902 ], [ 8.109828477928518, 46.115002821684456, 2623.636 ], [ 8.109858688017706, 46.113171465886019, 2555.170999999999822 ], [ 8.108233506704595, 46.111629108138885, 2609.447000000000116 ], [ 8.101971840898795, 46.110434489955466, 2543.885000000000218 ], [ 8.09986718206018, 46.110990272211495, 2509.043999999999869 ], [ 8.097144735835903, 46.108407996107466, 2552.873999999999796 ], [ 8.086559625962565, 46.106850320157577, 2416.723 ], [ 8.081798180667844, 46.105450409867849, 2423.313000000000102 ], [ 8.077328568911227, 46.106269308623986, 2445.382999999999811 ], [ 8.069219551589052, 46.105996082900816, 2541.306999999999789 ], [ 8.064003049175382, 46.104871102727401, 2627.915 ], [ 8.057805143997726, 46.102065177769575, 2861.351999999999862 ], [ 8.054309805761383, 46.101296104004888, 2860.943000000000211 ], [ 8.049126971317483, 46.102276217569148, 3177.987999999999829 ], [ 8.043059092777751, 46.099925927496095, 3288.920999999999822 ], [ 8.040971673915051, 46.100687671316649, 3301.607 ], [ 8.038828171959038, 46.10001389103099, 3355.864999999999782 ], [ 8.034763725167835, 46.100837139171468, 3654.416000000000167 ], [ 8.033490219322779, 46.09864189078958, 3531.085999999999785 ], [ 8.03390182142777, 46.095251522563807, 3490.726000000000113 ], [ 8.029584751584309, 46.089601166458124, 3253.635000000000218 ], [ 8.030295201167716, 46.085359966912847, 3303.960999999999785 ], [ 8.029099582210646, 46.080922191907412, 3155.070000000000164 ], [ 8.026541457185671, 46.079460894974552, 3310.17 ], [ 8.022531421988957, 46.074709272615024, 3463.607 ], [ 8.023033919811887, 46.071925210957723, 3375.583 ], [ 8.021662315987136, 46.069366528553317, 3414.7199999999998 ], [ 8.024564478842548, 46.067545320728541, 3395.837 ], [ 8.023874177384807, 46.062984388450886, 3302.577000000000226 ], [ 8.02518853425523, 46.062131700565033, 3306.628000000000156 ], [ 8.026124434347475, 46.058698637238187, 3340.300000000000182 ], [ 8.030475423225358, 46.052901658026535, 3225.501000000000204 ], [ 8.030541709214008, 46.050649286750229, 3217.340999999999894 ], [ 8.032144850023451, 46.047788231977307, 3138.542 ], [ 8.035415129264031, 46.044045655421492, 3194.458 ], [ 8.032143391874859, 46.041985115425156, 3096.208999999999833 ], [ 8.022053028550697, 46.038965940676839, 2883.156 ], [ 8.016006053989209, 46.033478745449038, 3027.398000000000138 ], [ 8.011892117971902, 46.031210549279187, 3227.768 ], [ 8.014215544842409, 46.030093863987553, 3122.891 ], [ 8.017501287092392, 46.024704983709604, 3093.813000000000102 ], [ 8.012693137333818, 46.021535427836412, 2875.206000000000131 ], [ 8.01075871919919, 46.018854070978783, 2857.777 ], [ 8.012289909159213, 46.018037311822631, 2895.371 ], [ 8.013248149007934, 46.015864179008844, 2941.2199999999998 ], [ 8.012413268764901, 46.01197059375648, 3059.114999999999782 ], [ 8.006422783335664, 46.011369520526031, 3066.094 ], [ 8.001084582445154, 46.012211790056035, 3189.643999999999778 ], [ 7.999823161372517, 46.00845409569343, 3087.473 ], [ 7.996215012070286, 46.003721493116807, 2958.681999999999789 ], [ 7.994009504205022, 46.002237887848075, 2853.065 ], [ 7.993937595226713, 45.999874054866638, 2898.156 ], [ 7.98908853708331, 45.995932201857954, 3036.175000000000182 ], [ 7.985923435176219, 45.996348941242161, 2877.712 ], [ 7.9795992354781, 45.999153755222814, 2850.719 ], [ 7.977114366764219, 45.999454094457946, 2898.601999999999862 ], [ 7.957335621569483, 45.996073573382006, 3183.741 ], [ 7.954538750654219, 45.997127679473756, 3107.617000000000189 ], [ 7.949491841627545, 45.997607076409835, 3207.779 ], [ 7.941519567020579, 45.997418054086893, 3298.031 ], [ 7.932633928150771, 45.995979296549962, 3345.632999999999811 ], [ 7.927578210620466, 45.997162560688075, 3478.699999999999818 ], [ 7.923405351175751, 45.997068096354297, 3469.014999999999873 ], [ 7.918983909951174, 45.995895525256508, 3563.821 ], [ 7.908679852948122, 45.996937295698224, 3610.036 ], [ 7.903975426634391, 45.989081900724294, 3617.8449999999998 ], [ 7.900822122061839, 45.987785806681963, 3484.414000000000215 ], [ 7.901092297359006, 45.985710828678542, 3572.521000000000186 ], [ 7.896283075350736, 45.98343107607775, 3754.943000000000211 ], [ 7.893849607770269, 45.97863559163347, 3717.042 ], [ 7.892278434952551, 45.977503715986813, 3650.101999999999862 ], [ 7.887136654893109, 45.976652430198115, 3633.561000000000149 ], [ 7.883947741720635, 45.9749643638104, 3601.190999999999804 ], [ 7.882769350724094, 45.975267110693785, 3605.268999999999778 ], [ 7.879233039768448, 45.973684179368746, 3620.822000000000116 ], [ 7.877425589350651, 45.973860598316904, 3604.898000000000138 ], [ 7.877571034016118, 45.971289179265654, 3577.003000000000156 ], [ 7.881512567609287, 45.967798572384595, 3561.456000000000131 ], [ 7.880486248612914, 45.965895735921613, 3610.09900000000016 ], [ 7.881811598777275, 45.964009093463815, 3657.288 ], [ 7.877574171236614, 45.961406015490233, 3576.225 ], [ 7.877838037915227, 45.959130355318528, 3611.795 ], [ 7.8749466459832, 45.958069641517838, 3573.507999999999811 ], [ 7.878895502159271, 45.954280884149334, 3766.107 ], [ 7.877280647892872, 45.9527701998298, 3923.52 ], [ 7.877133188262254, 45.949049037006667, 3921.951 ], [ 7.870374292230666, 45.947363473857237, 4346.033999999999651 ], [ 7.868408851743765, 45.936714349973521, 4615.402 ], [ 7.870951590583651, 45.934866401894652, 4469.145999999999731 ], [ 7.871437539335679, 45.9321312065901, 4563.235999999999876 ], [ 7.874037974652199, 45.931166928071697, 4467.680000000000291 ], [ 7.877052523576364, 45.927195966236631, 4555.506000000000313 ], [ 7.873073430379764, 45.920465876293065, 4387.018 ], [ 7.87040055474557, 45.919414624292386, 4400.806999999999789 ], [ 7.866338347185097, 45.919572742783288, 4328.257999999999811 ], [ 7.864076506485323, 45.9167506630017, 4283.845999999999549 ], [ 7.86094984028934, 45.91786939142267, 4271.384 ], [ 7.858500717831003, 45.920869495885889, 4226.777 ], [ 7.850729325292702, 45.920591618886469, 4170.411 ], [ 7.842923762729743, 45.921962645437866, 4300.310999999999694 ], [ 7.836720595464734, 45.921724726780518, 4488.339 ], [ 7.831447050083308, 45.92496386468693, 4418.677999999999884 ], [ 7.821765492847621, 45.926960714571067, 4452.367000000000189 ], [ 7.819166172108108, 45.926563987518321, 4412.386999999999716 ], [ 7.814191739259624, 45.923554287748267, 4198.863000000000284 ], [ 7.80990159116174, 45.923046484691326, 4121.723 ], [ 7.805389907451755, 45.919167434279032, 4058.940999999999804 ], [ 7.799517827997448, 45.917126607996146, 4128.850000000000364 ], [ 7.793983829536039, 45.920000716804793, 4170.323999999999614 ], [ 7.790813173593166, 45.924948712423664, 3916.107 ], [ 7.786198044138868, 45.927582172109759, 4064.163 ], [ 7.776560582396604, 45.931066674966189, 3737.047999999999774 ], [ 7.775227915428442, 45.932776900374748, 4059.375 ], [ 7.771770776827245, 45.933954860679201, 4030.9 ], [ 7.769267992496938, 45.937117707514503, 4066.202000000000226 ], [ 7.757083104024054, 45.938713915276374, 4149.680000000000291 ], [ 7.747751577238796, 45.941008415385795, 4159.105999999999767 ], [ 7.745828875316613, 45.934878221054113, 3844.087 ], [ 7.736871239119728, 45.928299179391139, 3834.708 ], [ 7.734726349031884, 45.924780993381667, 3862.119999999999891 ], [ 7.735093473668149, 45.923972894539432, 3900.0949999999998 ], [ 7.720480377920159, 45.923790247569507, 3717.146000000000186 ], [ 7.718374570683869, 45.924562294418969, 3693.626000000000204 ], [ 7.716333305945911, 45.927734563782046, 3647.21 ], [ 7.712673622009655, 45.928227920530254, 3582.402 ], [ 7.711274000898587, 45.932909111479233, 3449.386 ], [ 7.709291250343568, 45.933867770068048, 3437.9050000000002 ], [ 7.708353399431633, 45.933476129307557, 3452.876000000000204 ], [ 7.707321404392492, 45.934894305392426, 3474.920999999999822 ], [ 7.709879167691119, 45.948095448153971, 3396.35 ], [ 7.700620939493914, 45.952475981254238, 3383.337 ], [ 7.698821999216569, 45.954499073315034, 3437.340000000000146 ], [ 7.690337818101432, 45.954500976830182, 3368.556 ], [ 7.681015578344564, 45.95699926548474, 3475.878000000000156 ], [ 7.678321543925577, 45.958837073606325, 3418.411 ], [ 7.677053121461728, 45.965079074815989, 3311.552999999999884 ], [ 7.67428366437362, 45.966210916770727, 3279.523000000000138 ], [ 7.672665831633969, 45.969328980344869, 3318.637000000000171 ], [ 7.670558089804317, 45.969889555900323, 3322.610999999999876 ], [ 7.668270010608558, 45.973817723646405, 3419.869999999999891 ], [ 7.665723577479501, 45.974183061466761, 3705.489999999999782 ], [ 7.664274256491211, 45.975658657528768, 3850.357 ], [ 7.656998161049241, 45.97656337236058, 4437.796000000000276 ], [ 7.655036690101665, 45.975844994334409, 4249.234000000000378 ], [ 7.653705984265909, 45.974281041192164, 4239.493999999999687 ], [ 7.649544597218878, 45.974034587990893, 3996.668999999999869 ], [ 7.644861708522086, 45.97167471229718, 3578.987999999999829 ], [ 7.639538545423371, 45.970112182611778, 3574.382999999999811 ], [ 7.626675721068861, 45.970935597406616, 3636.94 ], [ 7.619582279671401, 45.972377716774055, 3701.322000000000116 ], [ 7.617076788467672, 45.971278915344712, 3798.893 ], [ 7.614929845527827, 45.971385435741283, 3801.339 ], [ 7.610348334806854, 45.969345440122751, 4015.864 ], [ 7.604001228868036, 45.970406699455204, 4145.242000000000189 ], [ 7.588631952254257, 45.970505079371513, 3595.253000000000156 ], [ 7.583520024382454, 45.972324408645697, 3691.156 ], [ 7.581702666789494, 45.974377210557975, 3791.465000000000146 ], [ 7.581239967466977, 45.975556346825066, 3784.795999999999822 ], [ 7.582276521817749, 45.977878482605554, 3736.906 ], [ 7.578607759844316, 45.986012476060097, 3549.587 ], [ 7.574703070385176, 45.987573816148874, 3696.761 ], [ 7.568474603752959, 45.987711877752382, 3607.119000000000142 ], [ 7.561996873468955, 45.985687551660803, 3511.860000000000127 ], [ 7.550134067846745, 45.986556403381719, 3366.802999999999884 ], [ 7.545698662680949, 45.983766618923944, 3764.321 ], [ 7.545043881146802, 45.98026353688676, 3680.389000000000124 ], [ 7.541478189761051, 45.976166276287437, 3610.414000000000215 ], [ 7.543317391719679, 45.969715650980611, 3303.634 ], [ 7.544634942161331, 45.968585368307011, 3351.313000000000102 ], [ 7.545485272593699, 45.963633232299117, 3231.804999999999836 ], [ 7.546581334498813, 45.963035907002606, 3233.042 ], [ 7.545275608042962, 45.959696297238779, 3293.033 ], [ 7.54271792013741, 45.956963263076176, 3295.077000000000226 ], [ 7.538434131727001, 45.954945762892116, 3561.523000000000138 ], [ 7.535464637026209, 45.956861588445989, 3439.981000000000222 ], [ 7.527978477358976, 45.95649334884007, 3496.719 ], [ 7.51953926578998, 45.960311312270626, 3188.674 ], [ 7.518061109724578, 45.962690719152931, 3233.054999999999836 ], [ 7.514832317704855, 45.961973470056094, 3109.697000000000116 ], [ 7.512094094063425, 45.960474548499178, 3102.190999999999804 ], [ 7.511862279559391, 45.959342686555772, 3130.813000000000102 ], [ 7.507531501210096, 45.957968062287634, 3196.985999999999876 ], [ 7.499186023445363, 45.962418711112925, 3392.648000000000138 ], [ 7.495968459937099, 45.960030542087608, 3416.362999999999829 ], [ 7.495762959369872, 45.957324981847783, 3407.523999999999887 ], [ 7.493439277526809, 45.95568868127409, 3511.699 ], [ 7.49177339633381, 45.955258081313481, 3494.793999999999869 ], [ 7.48744576593992, 45.955810197487274, 3469.94 ], [ 7.484360468670676, 45.954101520905766, 3485.123999999999796 ], [ 7.477667730999975, 45.952271215557765, 3344.658 ], [ 7.471380880702026, 45.947194968050461, 3656.552999999999884 ], [ 7.474272891160934, 45.940581364816815, 3682.393999999999778 ], [ 7.474727310844123, 45.935836101349246, 3669.975 ], [ 7.471454372073413, 45.933992401258195, 3588.837 ], [ 7.469557438250537, 45.933793187218193, 3570.889999999999873 ], [ 7.464354479892885, 45.935355739319476, 3541.199 ], [ 7.458726644609191, 45.935522732660644, 3494.2800000000002 ], [ 7.456408443816124, 45.932416747120335, 3460.585999999999785 ], [ 7.454040777128675, 45.932832765419754, 3336.969 ], [ 7.446876864441866, 45.931259216646062, 3330.141 ], [ 7.444372288546602, 45.931601732416723, 3470.012000000000171 ], [ 7.441849867081409, 45.929451673546268, 3539.364999999999782 ], [ 7.441504272237758, 45.927139522248289, 3536.273000000000138 ], [ 7.43662258720403, 45.923844485445613, 3396.042 ], [ 7.43443936818869, 45.920263130250994, 3327.793999999999869 ], [ 7.427138005717445, 45.915452545693753, 3390.487999999999829 ], [ 7.422293218117334, 45.914687633134868, 3529.411 ], [ 7.420936781447265, 45.912169722135843, 3443.436000000000149 ], [ 7.415958227787861, 45.911422527722543, 3320.621999999999844 ], [ 7.410834262471202, 45.908639201210079, 3407.322000000000116 ], [ 7.405514046433688, 45.909088327400568, 3318.737999999999829 ], [ 7.401752928440756, 45.911513421960038, 3247.413 ], [ 7.397824703607588, 45.90844717888514, 3165.505000000000109 ], [ 7.397095961051508, 45.904762149422176, 3025.784999999999854 ], [ 7.390950784542113, 45.899328175451501, 2899.706000000000131 ], [ 7.386333846735035, 45.897146351614374, 2985.719 ], [ 7.382387370808707, 45.896452655440065, 3046.277 ], [ 7.375722068450199, 45.900757850411587, 3294.904 ], [ 7.374048459538729, 45.900254291437498, 3347.577000000000226 ], [ 7.366067746651227, 45.904138188600683, 3518.960999999999785 ], [ 7.361212946914428, 45.903305711748878, 3446.65099999999984 ], [ 7.359388991223549, 45.905641115610592, 3119.333 ], [ 7.3564557200417, 45.907201386988341, 2905.175000000000182 ], [ 7.356462476233885, 45.910642647286437, 2806.248999999999796 ], [ 7.350535929209618, 45.911589515413397, 2998.925000000000182 ], [ 7.344303054569676, 45.915240551625814, 3344.982 ], [ 7.330723607243838, 45.91051628233317, 3313.277 ], [ 7.323903741442894, 45.91021084451944, 3301.344 ], [ 7.318088062918286, 45.911645074090053, 3203.360000000000127 ], [ 7.316300049812154, 45.916523142112005, 3413.413 ], [ 7.312450615502724, 45.916311911157699, 3355.408 ], [ 7.306723494626366, 45.917575404775917, 3332.779 ], [ 7.30181944712207, 45.91715270330652, 3316.572000000000116 ], [ 7.296923413926029, 45.921068493225256, 3538.84900000000016 ], [ 7.294435253170007, 45.921820518608911, 3577.018 ], [ 7.291172075652158, 45.920677088196506, 3466.444 ], [ 7.289457166481283, 45.917566025256264, 3485.621 ], [ 7.285276613747638, 45.915673626006907, 3424.728999999999814 ], [ 7.284703963776678, 45.912845160150347, 3299.523999999999887 ], [ 7.28031874013202, 45.907796200557478, 3222.036 ], [ 7.276889240200723, 45.900735717942787, 3244.159999999999854 ], [ 7.271475444849456, 45.899968654879224, 3203.232 ], [ 7.270029484133348, 45.898144670708533, 3241.257999999999811 ], [ 7.266614691548371, 45.896543781866846, 3255.851999999999862 ], [ 7.266676029465626, 45.89532590738537, 3301.880000000000109 ], [ 7.264786495378223, 45.893655587705737, 3394.935 ], [ 7.263242872229925, 45.893438043244544, 3356.674 ], [ 7.258961556058684, 45.889173789969185, 3589.967 ], [ 7.256833450346894, 45.888156460003067, 3615.232 ], [ 7.253095209440356, 45.888505593626149, 3672.503000000000156 ], [ 7.251714282357198, 45.891745846793171, 3714.4050000000002 ], [ 7.249486362749432, 45.893134018806471, 3676.302999999999884 ], [ 7.247400513762227, 45.892993348275148, 3657.779 ], [ 7.245047031699888, 45.891220033917911, 3588.181 ], [ 7.239836101366132, 45.889956260026821, 3306.800000000000182 ], [ 7.235737300452482, 45.890128611202009, 3072.219 ], [ 7.231376217718354, 45.891705384486869, 3001.105 ], [ 7.22830970103939, 45.891998402063336, 3060.648999999999887 ], [ 7.225816596133361, 45.889752020391988, 3033.333 ], [ 7.223037957530741, 45.890313084318926, 3020.443000000000211 ], [ 7.216381902661891, 45.88880136639775, 2952.844 ], [ 7.215700546524501, 45.88387218352122, 3051.715000000000146 ], [ 7.21105388434502, 45.882092302217991, 2900.387000000000171 ], [ 7.209871605683808, 45.88056607058919, 2901.945000000000164 ], [ 7.206063423799101, 45.880163909807898, 2800.152 ], [ 7.203508885015165, 45.876366253744671, 2767.579000000000178 ], [ 7.200118174588668, 45.87551372337407, 2805.034000000000106 ], [ 7.197642172005319, 45.870322652741493, 2857.023000000000138 ], [ 7.198437714745841, 45.865929440657467, 2858.333 ], [ 7.200810819038038, 45.86308121219259, 2963.092 ], [ 7.196489476927768, 45.86026022460117, 2775.712 ], [ 7.190602614452382, 45.858679703527855, 2730.880999999999858 ], [ 7.186430219442362, 45.860168364151257, 2676.56 ], [ 7.18442750514151, 45.860039270893829, 2635.69 ], [ 7.178976638428956, 45.863666677083053, 2858.061000000000149 ], [ 7.175322753241457, 45.862904573922179, 2803.246999999999844 ], [ 7.161591630181582, 45.871629080035802, 2655.369000000000142 ], [ 7.16134391063956, 45.87233073078356, 2647.159000000000106 ], [ 7.164210222990828, 45.873625463567095, 2780.65099999999984 ], [ 7.164146564206249, 45.876810988156528, 2865.954000000000178 ], [ 7.160273647028848, 45.878662692056018, 2880.996999999999844 ], [ 7.153542329437596, 45.879253209465809, 2860.996999999999844 ], [ 7.146946118572491, 45.876148479380255, 2771.851000000000113 ], [ 7.140798594318106, 45.875336931793576, 2777.71 ], [ 7.139648989758352, 45.873882032851661, 2822.605 ], [ 7.135197084956667, 45.872673526301718, 2852.175000000000182 ], [ 7.133467682738132, 45.871026298234625, 2852.915 ], [ 7.133882998806146, 45.869261274220563, 2851.628000000000156 ], [ 7.132281445587891, 45.867441401287635, 2880.462 ], [ 7.126571618673244, 45.863955547526196, 2831.672999999999774 ], [ 7.1230116094819, 45.863296353627284, 2861.523999999999887 ], [ 7.118454130636507, 45.859442247405937, 3008.685 ], [ 7.112765633466269, 45.859585089876894, 2942.175000000000182 ], [ 7.10880608219763, 45.858185644944967, 2971.427999999999884 ], [ 7.103868479556157, 45.859431813267136, 3170.409000000000106 ], [ 7.101501773784758, 45.859184219502588, 3237.094 ], [ 7.097464216101061, 45.862400478755831, 3059.255000000000109 ], [ 7.098008916849643, 45.863811310199694, 3034.081000000000131 ], [ 7.096375657183977, 45.868177674153003, 2925.848 ], [ 7.09378167875012, 45.871350392794731, 2883.001000000000204 ], [ 7.092082862669591, 45.872065144995744, 2841.654 ], [ 7.095432480413057, 45.875863565382964, 2760.063000000000102 ], [ 7.085400121521714, 45.883037510515592, 2600.891 ], [ 7.080089115598758, 45.885138213695626, 2549.715000000000146 ], [ 7.078815091042832, 45.888086050058106, 2564.186000000000149 ], [ 7.076425795293015, 45.890297294693298, 2556.712 ], [ 7.07660570157272, 45.895182700503277, 2713.84900000000016 ], [ 7.07420117838886, 45.89497887510047, 2678.324 ], [ 7.071532127946898, 45.895979488406155, 2539.559000000000196 ], [ 7.06980052849485, 45.898023930118356, 2560.875 ], [ 7.064204679344087, 45.900078261281976, 2774.882999999999811 ], [ 7.064480938450149, 45.909277382684422, 3167.699 ], [ 7.060568597649736, 45.913390572049281, 3357.693000000000211 ], [ 7.056100997233783, 45.914204973489895, 3348.922999999999774 ], [ 7.05309204844279, 45.915604402782364, 3512.409000000000106 ], [ 7.047549867633681, 45.920147821476633, 3685.929999999999836 ], [ 7.047231696805484, 45.921218880053253, 3784.739 ], [ 7.04373504342001, 45.923161163222261, 3636.177999999999884 ], [ 7.042655915400064, 45.929680957735876, 3480.719 ], [ 7.041098115683183, 45.931916306282901, 3529.98 ], [ 7.038433230514052, 45.933416125107776, 3604.089 ], [ 7.03573135041569, 45.938305427012693, 3673.954000000000178 ], [ 7.037053217187682, 45.940939096663485, 3549.429 ], [ 7.036689385079373, 45.943498447764547, 3587.31 ], [ 7.03856396780091, 45.945517425280229, 3576.427999999999884 ], [ 7.036702961016545, 45.952706777973653, 3743.835 ], [ 7.037439461592962, 45.954874524187176, 3639.313000000000102 ], [ 7.034908616531964, 45.956142127790812, 3543.074 ], [ 7.024608046391536, 45.958237536625305, 3755.958 ], [ 7.023015016804596, 45.957977093637666, 3876.958 ], [ 7.019945152168973, 45.960430147169092, 3858.202000000000226 ], [ 7.017428649145999, 45.960424325505961, 3874.481000000000222 ], [ 7.017444940343012, 45.961394697107309, 3774.063000000000102 ], [ 7.012227607485235, 45.965492083249089, 3385.6550000000002 ], [ 7.010505568608175, 45.968440103087353, 3599.007999999999811 ], [ 7.008490217669316, 45.969030836797387, 3680.559000000000196 ], [ 7.010148381912114, 45.97323066114874, 3487.672999999999774 ], [ 7.015259303154908, 45.975165581624317, 3369.643 ], [ 7.021476694240535, 45.97637471887338, 3602.784000000000106 ], [ 7.023623942306359, 45.979053108830371, 3463.646000000000186 ], [ 7.019764405914954, 45.982304260717186, 3391.875 ], [ 7.019900529243798, 45.983908878620056, 3421.273000000000138 ], [ 7.01830552080318, 45.98431871881597, 3388.648999999999887 ], [ 7.015725259431798, 45.986759965133089, 3317.547999999999774 ], [ 7.012210784316641, 45.98726050825536, 3316.44 ], [ 7.011635224921455, 45.989883381033444, 3386.511 ], [ 7.012518137595428, 45.992081284560605, 3382.255999999999858 ], [ 7.010303288434323, 45.994409759358554, 3539.036 ], [ 7.011151291261164, 45.995302942373691, 3540.592 ], [ 7.010542648412885, 45.997358510313347, 3439.125 ], [ 7.005375569811129, 46.001251926856597, 3240.056999999999789 ], [ 7.000580489835703, 45.998929736764566, 3239.045999999999822 ], [ 6.995394617038581, 46.000082481528061, 3090.757999999999811 ], [ 6.992771476656424, 46.002083601991323, 3078.202000000000226 ], [ 6.984983589881473, 46.004605213097506, 2935.292 ], [ 6.984123530839256, 46.006076258670824, 2948.283 ], [ 6.985118166893548, 46.007556913903173, 2883.943000000000211 ], [ 6.983319761524775, 46.009927554239219, 2768.195000000000164 ], [ 6.983551496209686, 46.012738717099026, 2755.237999999999829 ], [ 6.980799982277082, 46.017620711291457, 2670.301 ], [ 6.981319919745169, 46.019571775639143, 2679.915 ], [ 6.971019254687, 46.025529833233605, 2225.188000000000102 ], [ 6.966528310769129, 46.031149991755669, 2321.346 ], [ 6.962888906046073, 46.030432157661188, 2270.389000000000124 ], [ 6.954524064558433, 46.041675140097531, 1705.959 ], [ 6.95014023492102, 46.051593107376704, 1123.354 ], [ 6.943929144899816, 46.050610796289618, 1131.7650000000001 ], [ 6.939316372261865, 46.052863307340573, 1195.469 ], [ 6.937339621740019, 46.055303878014989, 1252.273 ], [ 6.936338240798575, 46.054937613963993, 1273.205 ], [ 6.935049606023885, 46.055964810920877, 1362.857 ], [ 6.935056860958394, 46.058605428403759, 1424.064 ], [ 6.936756052505292, 46.059899306773964, 1492.751 ], [ 6.936250540110846, 46.062532810063956, 1588.512 ], [ 6.938101555054759, 46.063086989634449, 1640.342 ], [ 6.937321121662054, 46.064282059909317, 1685.256 ], [ 6.933992435038987, 46.065992320167702, 1722.83 ], [ 6.928622472329808, 46.064662401465476, 1935.523 ], [ 6.924588615261214, 46.065244497311568, 1973.715 ], [ 6.919564616938526, 46.061174229975329, 2442.181999999999789 ], [ 6.918790374134178, 46.059278514621916, 2576.387000000000171 ], [ 6.915861162612432, 46.058165372679149, 2601.446 ], [ 6.914215422627043, 46.055566515928035, 2653.800000000000182 ], [ 6.910834292111538, 46.053804548280617, 2626.581000000000131 ], [ 6.911147124396681, 46.052060907481078, 2584.648000000000138 ], [ 6.909637445486369, 46.050754687243341, 2569.75 ], [ 6.903472934277513, 46.049044740116777, 2578.353999999999814 ], [ 6.894799489528301, 46.048100651253272, 2643.800000000000182 ], [ 6.891765708749868, 46.045728309433009, 2642.739 ], [ 6.891272086389449, 46.042694370626371, 2723.6 ], [ 6.888187134734328, 46.042670071652054, 2669.132999999999811 ], [ 6.886748499700261, 46.044184530237928, 2616.431999999999789 ], [ 6.883377524950392, 46.04440907596392, 2627.601999999999862 ], [ 6.878429013989284, 46.046112727619168, 2663.811000000000149 ], [ 6.875748673770516, 46.047530902068381, 2601.333 ], [ 6.875391299104096, 46.049729277879884, 2614.337 ], [ 6.871727331396859, 46.05115078924284, 2824.563000000000102 ], [ 6.872752579983126, 46.051931918714281, 2831.225 ], [ 6.872914311322728, 46.054857615624265, 2711.1550000000002 ], [ 6.875096521362073, 46.058144715642662, 2684.386 ], [ 6.876408032046633, 46.062877274004151, 2711.667 ], [ 6.879009180118413, 46.065261779405397, 2720.667 ], [ 6.880286426893447, 46.069281591543579, 2762.725 ], [ 6.88463094908687, 46.070946296252878, 2719.371 ], [ 6.887736480909048, 46.07324999441758, 2712.279 ], [ 6.891799909972517, 46.073740257520093, 2837.813000000000102 ], [ 6.888142480924474, 46.079098395033967, 2696.356000000000222 ], [ 6.888276956855377, 46.079832584378366, 2607.871999999999844 ], [ 6.890363945825444, 46.080614161654914, 2508.934000000000196 ], [ 6.891890825966546, 46.085126000453791, 2596.726000000000113 ], [ 6.88877706648446, 46.086935670595786, 2512.255000000000109 ], [ 6.888331316058009, 46.08906634411121, 2510.518999999999778 ], [ 6.882218933681001, 46.095162273319787, 2953.853999999999814 ], [ 6.885434266935627, 46.096757502759665, 2937.367000000000189 ], [ 6.887678510652607, 46.100611767442082, 2922.185 ], [ 6.89125072769104, 46.102920147679555, 2851.239 ], [ 6.895142860623706, 46.10814932482748, 2932.025 ], [ 6.895484234583202, 46.108706773609008, 2921.302999999999884 ], [ 6.893582009938022, 46.109771097279264, 2808.820000000000164 ], [ 6.893129532872254, 46.11361447068029, 2800.764000000000124 ], [ 6.89607013528062, 46.117309832494101, 2854.348 ], [ 6.897753899880495, 46.12180595795742, 2956.563000000000102 ], [ 6.8999348668094, 46.123880060146099, 3035.016 ], [ 6.897568061490068, 46.124635286862819, 2882.634 ], [ 6.895119846983623, 46.12383495883337, 2792.034000000000106 ], [ 6.890712077290575, 46.125564612782327, 2842.293999999999869 ], [ 6.882430655828831, 46.122880387862331, 2700.762000000000171 ], [ 6.878944282352955, 46.12362672799528, 2555.193000000000211 ], [ 6.877362253355729, 46.125227212255773, 2501.512000000000171 ], [ 6.873642191984234, 46.125954305277403, 2547.129 ], [ 6.869510090497331, 46.125139239496363, 2535.815 ], [ 6.8517441751535, 46.126588038443607, 2589.402 ], [ 6.844359112592257, 46.128353138743158, 2624.628000000000156 ], [ 6.841444166586612, 46.130897497452111, 2717.505999999999858 ], [ 6.842018698820874, 46.131979419199688, 2759.038 ], [ 6.838189883646766, 46.132949370714208, 2727.101000000000113 ], [ 6.83488582338369, 46.13209307744259, 2601.101999999999862 ], [ 6.831019220718225, 46.132606035951611, 2659.119000000000142 ], [ 6.818667548136568, 46.1310995539475, 2704.893 ], [ 6.81721425268189, 46.129758152730496, 2658.761 ], [ 6.815114438916422, 46.12926615171898, 2634.217 ], [ 6.813703055973779, 46.130538690336081, 2566.29 ], [ 6.813895497818442, 46.131482870910617, 2463.018999999999778 ], [ 6.811515186884553, 46.132268610811742, 2363.047999999999774 ], [ 6.807229473585382, 46.136520342423047, 2386.753000000000156 ], [ 6.801430788912054, 46.135315941416351, 2390.676 ], [ 6.798896654520983, 46.135698019265156, 2390.196 ], [ 6.796538749170476, 46.138680526357234, 2168.257999999999811 ], [ 6.794606102147263, 46.147586394850272, 1983.446999999999889 ], [ 6.790267107202928, 46.154012171766361, 2093.77 ], [ 6.792646125932531, 46.15972787828958, 2164.215999999999894 ], [ 6.791718509477962, 46.162933109622863, 2296.77599999999984 ], [ 6.794563841751975, 46.165819543266579, 2189.288 ], [ 6.797827124320725, 46.168049886188776, 2099.264000000000124 ], [ 6.799782610977759, 46.168386786132565, 2101.621999999999844 ], [ 6.80309101416194, 46.171826463638091, 2192.539000000000215 ], [ 6.805522462803024, 46.172745359627122, 2183.840000000000146 ], [ 6.806958260706428, 46.178521539773953, 2172.083 ], [ 6.812595201598498, 46.181545229407767, 2127.696 ], [ 6.808683589043156, 46.192525456806585, 2038.607 ], [ 6.803297846913525, 46.203284662021822, 2250.694 ], [ 6.803547087294755, 46.204609927743739, 2203.523999999999887 ], [ 6.807257832813185, 46.207913076849643, 2096.301 ], [ 6.808000909467825, 46.210802580422744, 2122.158 ], [ 6.810024784235361, 46.212036041670089, 2200.672999999999774 ], [ 6.809878536080538, 46.213836607152203, 2154.773000000000138 ], [ 6.813482487113544, 46.215352790587566, 2130.068000000000211 ], [ 6.816539892362163, 46.2201418935907, 2207.056999999999789 ], [ 6.820185881825911, 46.221552004472393, 2093.598 ], [ 6.821589388463276, 46.223119191112559, 2095.15 ], [ 6.821896926538236, 46.227763767535251, 2118.505000000000109 ], [ 6.820585825947228, 46.230410066845657, 2150.909000000000106 ], [ 6.821206563593363, 46.232315460869522, 2126.389000000000124 ], [ 6.825646450856164, 46.233891409617179, 2022.659000000000106 ], [ 6.830652148011867, 46.234392151150935, 1877.855 ], [ 6.837151689900169, 46.240799435654104, 1873.477 ], [ 6.837839691920061, 46.244890479030872, 1850.5150000000001 ], [ 6.839796094954544, 46.248221022850991, 1668.307 ], [ 6.84293567224172, 46.248601846460964, 1511.815 ], [ 6.851981479708115, 46.252142802546736, 1542.283 ], [ 6.855414336030535, 46.255206543197367, 1727.003 ], [ 6.854451387563153, 46.259297461802177, 1792.633 ], [ 6.860186340647581, 46.266231407057077, 1652.880000000000109 ], [ 6.858902278591128, 46.273878984800142, 1851.504 ], [ 6.864936332964424, 46.280196775791055, 1981.155 ], [ 6.864366822712549, 46.283100782618227, 1928.821999999999889 ], [ 6.860639907074701, 46.286349604149841, 1906.16 ], [ 6.859126993638156, 46.288494022205356, 1921.819 ], [ 6.859217292769509, 46.290306427625389, 1941.354 ], [ 6.857783904347415, 46.291298428601351, 1972.854 ], [ 6.854352485267126, 46.292523314197147, 1925.717 ], [ 6.852111854712211, 46.292215097480629, 1894.136 ], [ 6.850899189880089, 46.29027639230609, 1914.159000000000106 ], [ 6.847368028576116, 46.289876728082021, 1863.989 ], [ 6.845348560763607, 46.291151643744541, 1808.054 ], [ 6.84391390870139, 46.294294946200978, 1936.699 ], [ 6.839641767425721, 46.295093902117387, 1921.033 ], [ 6.836362957059849, 46.297273671068695, 1872.455 ], [ 6.834775911198664, 46.299799363930518, 1961.098 ], [ 6.829958867138128, 46.300178423670737, 1894.7 ], [ 6.828102872486611, 46.302505367413019, 1753.482 ], [ 6.83027709229887, 46.306129235775671, 1829.292 ], [ 6.829061134277681, 46.306565585524979, 1792.165 ], [ 6.825347847682956, 46.311962374638789, 1887.459 ], [ 6.821522540454379, 46.312956642449024, 1856.652 ], [ 6.819810216831875, 46.315568362070181, 2014.798 ], [ 6.815700868356803, 46.315869866786208, 2074.321 ], [ 6.812984124403206, 46.318124249491476, 1874.674 ], [ 6.807037519337009, 46.320749480899494, 2003.513999999999896 ], [ 6.801557988387401, 46.319576582999773, 1989.174 ], [ 6.800371905143623, 46.320043303539144, 1918.542 ], [ 6.797419411926483, 46.326668328661668, 1987.944 ], [ 6.798994201160057, 46.329077654319555, 2077.563000000000102 ], [ 6.79657407275692, 46.331024159669042, 2164.416000000000167 ], [ 6.79639298677721, 46.333002526840929, 2276.031 ], [ 6.786452777717395, 46.332084760172606, 2358.482 ], [ 6.784314607756714, 46.332803495247433, 2420.268999999999778 ], [ 6.784518215771237, 46.336833641377609, 2330.915 ], [ 6.780341711031469, 46.341284783927989, 2136.451 ], [ 6.779083212300463, 46.344625413528583, 2081.985000000000127 ], [ 6.776755045458715, 46.346570830786874, 1965.599 ], [ 6.774528696568614, 46.347266125486811, 2018.837 ], [ 6.772087303481275, 46.350269448965605, 1693.023 ], [ 6.771018655735974, 46.353769112486582, 1430.44 ], [ 6.771440850249911, 46.361101263481039, 1189.241 ], [ 6.775162073925162, 46.363287922880993, 1126.121 ], [ 6.775536058449714, 46.36436926563249, 1099.904 ], [ 6.778689273588522, 46.36504221404828, 1066.784000000000106 ], [ 6.780895397607761, 46.366621658645514, 1028.836 ], [ 6.786556568435429, 46.366429213523254, 944.546 ], [ 6.792540366784265, 46.367504140651576, 871.795 ], [ 6.797168835877285, 46.371458433874892, 811.804 ], [ 6.79882891007852, 46.374250785892578, 785.289 ], [ 6.803720522546727, 46.376477223371545, 726.798 ], [ 6.805536893791882, 46.378517359658346, 669.01 ], [ 6.806505806779694, 46.382960582962603, 573.327 ], [ 6.803908812655783, 46.383743565883059, 532.344 ], [ 6.80186253375851, 46.385831975083732, 485.607 ], [ 6.801925225374181, 46.388892336665549, 438.393 ], [ 6.803090960066732, 46.392393322299803, 392.496 ], [ 6.805300915212666, 46.394129860598845, 372.471 ], [ 6.821069658830558, 46.427156883162631, 372.13 ], [ 6.824865436593543, 46.424621278515886, 372.13 ], [ 6.862465326027691, 46.390953753492411, 371.857 ], [ 6.868782386453629, 46.386928960255737, 371.893 ], [ 6.874388345182799, 46.381960035532344, 371.9 ], [ 6.88035727018029, 46.379385888658852, 371.875 ], [ 6.884775017688331, 46.376068297230553, 372.09 ], [ 6.886194909322519, 46.372608709570571, 372.208 ], [ 6.886862822220016, 46.365552368848768, 372.577 ], [ 6.885730009938165, 46.36221707389236, 373.025 ], [ 6.881936947276041, 46.356580583708592, 373.538 ], [ 6.881822352562096, 46.354490444174068, 373.796 ], [ 6.883374711526881, 46.352282905664417, 374.048 ], [ 6.888268261033585, 46.349280977944751, 374.314 ], [ 6.894499478452387, 46.341598212598392, 375.255 ], [ 6.897875993084125, 46.339550055526423, 375.557 ], [ 6.901730835836831, 46.338575612130995, 376.027 ], [ 6.915289879036088, 46.339626025207515, 377.51 ], [ 6.918359230092595, 46.339268573632545, 377.813 ], [ 6.921114548081815, 46.337957501231386, 378.219 ], [ 6.930067666386732, 46.330021342397941, 379.712 ], [ 6.932393308950859, 46.323730572789287, 380.568 ], [ 6.931877991671251, 46.31621628223607, 381.394 ], [ 6.935814479098154, 46.304454902029271, 382.62 ], [ 6.937024125083659, 46.297580488930549, 383.693 ], [ 6.94177719709719, 46.294266737830384, 384.265 ], [ 6.95017836645265, 46.290904162901363, 385.704 ], [ 6.959943108105376, 46.28399537727195, 387.009 ], [ 6.96557875325978, 46.268239583156848, 388.829 ], [ 6.974967686388685, 46.260084981284052, 389.738 ], [ 6.987035936160916, 46.252832924678508, 392.29 ], [ 6.989543747380599, 46.244030221873778, 393.615 ], [ 6.993974219444703, 46.240125544459815, 394.499 ], [ 6.996183434842814, 46.2363973130891, 395.479 ], [ 7.002059043954178, 46.232958407084411, 397.083 ], [ 7.002685234470911, 46.224959652695468, 400.361 ], [ 7.003869540752257, 46.223049062173899, 400.587 ], [ 7.007988888588879, 46.220516503890153, 401.979 ], [ 7.011790652346221, 46.205594159402899, 407.524 ], [ 7.020388433440516, 46.201532969144672, 413.025 ], [ 7.024966576075439, 46.19770896743654, 421.049 ], [ 7.033181164464201, 46.187071869693284, 436.973 ], [ 7.033999243390286, 46.187943085737217, 481.539 ], [ 7.037468732994689, 46.188024493679038, 610.928 ], [ 7.040753502394273, 46.189034746660724, 822.665 ], [ 7.04124993707624, 46.189929236398449, 889.223 ], [ 7.04326300882919, 46.189903000823044, 976.249 ], [ 7.049571887151105, 46.192677156064029, 1319.482 ], [ 7.051876685245727, 46.192973546511894, 1435.283 ], [ 7.052655338703572, 46.194089103424631, 1535.053000000000111 ], [ 7.056228637962639, 46.195703408596387, 1767.173 ], [ 7.059560209359354, 46.196283278804025, 1942.276 ], [ 7.064535038574668, 46.199616275342358, 2319.196 ], [ 7.071243077971257, 46.201011668715765, 2929.902 ], [ 7.076968654255777, 46.198968002859452, 2917.771000000000186 ], [ 7.088436292520143, 46.201588671031416, 2858.077000000000226 ], [ 7.093624546845312, 46.204834474381954, 2660.484 ], [ 7.096256706246806, 46.207539669341614, 2643.598 ], [ 7.09959484335422, 46.207899354640496, 2666.156 ], [ 7.101656771211915, 46.209605793552484, 2874.348 ], [ 7.106282688929885, 46.211020370216197, 2803.955 ], [ 7.111091428622384, 46.21391984479164, 2643.503000000000156 ], [ 7.112752522411522, 46.216050800801597, 2647.672999999999774 ], [ 7.11568680477323, 46.217687569898438, 2650.159000000000106 ], [ 7.114940562496619, 46.218374146774444, 2659.773999999999887 ], [ 7.117670504907557, 46.220055395607076, 2506.962 ], [ 7.118870950189858, 46.221937701660529, 2560.205 ], [ 7.122519409101906, 46.22347585726618, 2810.867000000000189 ], [ 7.121323768427136, 46.224907365803489, 2618.251000000000204 ], [ 7.121222670441439, 46.22931985636788, 2585.587 ], [ 7.123429733001031, 46.232501098923898, 2697.302999999999884 ], [ 7.124172073996863, 46.235932313156709, 2963.143 ], [ 7.12647581642014, 46.23722657527874, 3043.56 ], [ 7.135137429634283, 46.236563019866431, 2981.538 ], [ 7.140960930721801, 46.237905074229118, 2853.496999999999844 ], [ 7.144877940240312, 46.24143669025365, 2831.320000000000164 ], [ 7.150167052037912, 46.243134280324284, 2704.570000000000164 ], [ 7.151420535320833, 46.244723085281507, 2743.301 ], [ 7.151768075226651, 46.248077857304068, 2724.827000000000226 ], [ 7.155232740699904, 46.252753353512993, 2904.416000000000167 ], [ 7.160599806616049, 46.253217672809164, 2855.174 ], [ 7.161891310056566, 46.253914593824319, 2828.071 ], [ 7.168542774756069, 46.259794473045552, 2734.136 ], [ 7.171520282423161, 46.261096865787643, 2722.538 ], [ 7.171972735237967, 46.262645443178847, 2673.938000000000102 ], [ 7.178150017279036, 46.268583270899626, 2577.820000000000164 ], [ 7.183716033906658, 46.268473488031496, 2548.489999999999782 ], [ 7.188418904512428, 46.270667739194309, 2547.826 ], [ 7.189336831711162, 46.27337469433008, 2532.757999999999811 ], [ 7.186307707250055, 46.282843625971772, 1970.7650000000001 ], [ 7.190286641991219, 46.285006955488363, 2015.241 ], [ 7.192991675302988, 46.284877850184856, 2002.837 ], [ 7.194839849998671, 46.28568141005659, 2011.0 ], [ 7.193878866485849, 46.28838173284413, 2068.996999999999844 ], [ 7.194374439490542, 46.289067746611849, 2066.737999999999829 ], [ 7.196948409607915, 46.289130053857072, 2030.864 ], [ 7.1892485248237, 46.295172351635941, 2244.132999999999811 ], [ 7.189058186201943, 46.303897140449649, 3210.626000000000204 ], [ 7.221488619696642, 46.329246364392361, 3122.839 ], [ 7.232432965405473, 46.32647176376404, 2732.552999999999884 ], [ 7.246424150739354, 46.327998512341729, 2778.818000000000211 ], [ 7.249647342821301, 46.330121187046444, 2795.491 ], [ 7.252167753836336, 46.330001727011911, 2849.204000000000178 ], [ 7.254538972316697, 46.331370233647476, 2854.134 ], [ 7.259150392032876, 46.33633039300728, 2843.833999999999833 ], [ 7.261804165349216, 46.337433777034299, 2924.143 ], [ 7.262720707738596, 46.338649722614143, 2916.110000000000127 ], [ 7.261138667259869, 46.340105867366191, 2784.813000000000102 ], [ 7.261289164132798, 46.342976865423154, 2681.092 ], [ 7.26017646176167, 46.344400989703885, 2818.08 ], [ 7.261574727488656, 46.3462422425795, 2691.880000000000109 ], [ 7.261265223280403, 46.348630607347872, 2617.068000000000211 ], [ 7.262467892209652, 46.34959964999279, 2600.165 ], [ 7.260984452900595, 46.35151515499085, 2594.587 ], [ 7.261514809111767, 46.353845540281917, 2506.465000000000146 ], [ 7.260181943969466, 46.354423718054221, 2503.185 ], [ 7.262303797306241, 46.35823894529959, 2579.52599999999984 ], [ 7.288047883073606, 46.365718389297307, 2024.339 ], [ 7.290515677458203, 46.367142962807669, 1958.146 ], [ 7.295506733465337, 46.365559087245067, 1982.61 ], [ 7.299057905706521, 46.366447122643415, 2001.369999999999891 ], [ 7.310285139958748, 46.375158906584723, 2806.777 ], [ 7.312768210135543, 46.370884675918056, 2722.702000000000226 ], [ 7.312545577946608, 46.36321615822483, 2680.0 ], [ 7.31021658104069, 46.359948201227191, 2620.329000000000178 ], [ 7.308230037984844, 46.358770476998764, 2644.145 ], [ 7.309999603614312, 46.355669147586177, 2741.563000000000102 ], [ 7.30783231942594, 46.35208764756495, 2907.98 ], [ 7.310456789431393, 46.348189332412851, 2941.967 ], [ 7.315834665166551, 46.343790425882709, 3029.538 ], [ 7.323918126009593, 46.34428405650155, 3043.679 ], [ 7.331600909720758, 46.346386519161697, 3033.17 ], [ 7.33805956957015, 46.346965993035234, 2984.969 ], [ 7.350944621883341, 46.351031524502652, 2765.429999999999836 ], [ 7.354921865968161, 46.350745411413335, 2943.005000000000109 ], [ 7.358950851212853, 46.353125102461249, 3201.356000000000222 ], [ 7.362638053175359, 46.35666685084631, 3226.857 ], [ 7.367660397978811, 46.357538403422623, 3100.818000000000211 ], [ 7.369080015280878, 46.358843273574998, 3090.322000000000116 ], [ 7.373825730667733, 46.360424487654043, 2972.996999999999844 ], [ 7.378170792229632, 46.364066253700813, 2886.014999999999873 ], [ 7.380059082975921, 46.36377020201153, 2854.737999999999829 ], [ 7.381539667953627, 46.364387913233799, 2832.239 ], [ 7.386457098939454, 46.369099299161604, 2807.158 ], [ 7.388383078038369, 46.368936123805121, 2761.429 ], [ 7.39286574138197, 46.373160499779296, 2937.658 ], [ 7.399399045371558, 46.376461519242518, 2830.438000000000102 ], [ 7.401000818442583, 46.374207579803993, 2769.184000000000196 ], [ 7.404296251125919, 46.376148824756278, 2737.172999999999774 ], [ 7.409225793419917, 46.377132433301668, 2747.121999999999844 ], [ 7.41156505570518, 46.378562857338608, 2759.884 ], [ 7.414971518735324, 46.378769249364794, 2744.101000000000113 ], [ 7.416858900696012, 46.38017484442851, 2713.585 ], [ 7.42262490458315, 46.380278480763401, 2600.533 ], [ 7.424762896463441, 46.381031749075319, 2593.739 ], [ 7.42741679510942, 46.380584964756487, 2595.768 ], [ 7.433391407204286, 46.38508411799841, 2559.205 ], [ 7.438630699969871, 46.386149326872946, 2685.598 ], [ 7.439778915144613, 46.384602546358821, 2526.672999999999774 ], [ 7.442404323858572, 46.383276347926241, 2429.954000000000178 ], [ 7.449069541773367, 46.383369479306083, 2442.154 ], [ 7.450626875985416, 46.384092395144094, 2430.02599999999984 ], [ 7.454331018971737, 46.383208861303693, 2509.938999999999851 ], [ 7.459114185261174, 46.381006863707412, 2562.042 ], [ 7.459029948648658, 46.378186030570404, 2749.973 ], [ 7.462136630819558, 46.376421244501607, 2950.514999999999873 ], [ 7.463636682032963, 46.378062955236501, 2872.72400000000016 ], [ 7.469735434541963, 46.378121651717862, 2885.005999999999858 ], [ 7.471124918418707, 46.380310677906436, 2859.29 ], [ 7.473326995833977, 46.381562720091992, 2904.054999999999836 ], [ 7.473290659289704, 46.383633739739913, 2947.327000000000226 ], [ 7.479401232993655, 46.385270336191411, 2898.112999999999829 ], [ 7.481416599913545, 46.384151337284038, 2811.715000000000146 ], [ 7.484617584728642, 46.379150818861191, 2686.429999999999836 ], [ 7.485318997606116, 46.371941227165877, 2877.719 ], [ 7.486855495792136, 46.370726663805399, 2926.878000000000156 ], [ 7.489264048778952, 46.370342948897438, 2877.06 ], [ 7.494728371483543, 46.371985529290505, 2866.632999999999811 ], [ 7.499058662653392, 46.369856505486261, 2934.054 ], [ 7.502454772962214, 46.370458651952859, 2870.521000000000186 ], [ 7.502914611728271, 46.371577169377069, 2851.21 ], [ 7.506061874225868, 46.373455952784845, 2789.248999999999796 ], [ 7.505677995435246, 46.374610833121189, 2807.496 ], [ 7.507407989634855, 46.375912095874845, 2839.177999999999884 ], [ 7.512753063261886, 46.376165982396316, 2801.268999999999778 ], [ 7.526958574864106, 46.374624656485665, 2968.065999999999804 ], [ 7.538773387716535, 46.377607072745008, 2884.886 ], [ 7.538568438145506, 46.38019602569539, 2707.867000000000189 ], [ 7.540742477207519, 46.383751078050324, 2755.65 ], [ 7.55526711682581, 46.388983964260582, 3178.382999999999811 ], [ 7.546994344641139, 46.394011271625899, 3144.732 ], [ 7.540805621264415, 46.394858509036119, 3133.636 ], [ 7.53385182534504, 46.397369009587337, 3135.623999999999796 ], [ 7.528608068860842, 46.400291931961284, 3243.574 ], [ 7.532113998175056, 46.406513835055499, 3220.523999999999887 ], [ 7.533578740474702, 46.407091864083036, 3204.014999999999873 ], [ 7.532644647823235, 46.407679541956561, 3229.221 ], [ 7.533896761138728, 46.409697820941382, 3237.839 ], [ 7.538477434223424, 46.410560004053913, 3178.039000000000215 ], [ 7.539398048071155, 46.411754178729666, 3187.938999999999851 ], [ 7.551274091245363, 46.412007897011705, 3117.601999999999862 ], [ 7.554589190862868, 46.413674908873666, 3116.909000000000106 ], [ 7.560876682751558, 46.413309541285209, 3185.246 ], [ 7.562377658389712, 46.412436340163339, 3242.214 ], [ 7.56262791364832, 46.413355740016179, 3208.943000000000211 ], [ 7.565527308824861, 46.414344883466143, 3034.301 ], [ 7.572094160298944, 46.414796043855468, 2876.824 ], [ 7.576909451198286, 46.417132411801269, 2944.415 ], [ 7.580976647450621, 46.416896802930239, 3054.592 ], [ 7.581554845237471, 46.417562937809102, 3109.65099999999984 ], [ 7.583532110259817, 46.417325096104605, 3134.726999999999862 ], [ 7.586446986959055, 46.413702635365397, 2950.706000000000131 ], [ 7.595749234130398, 46.411217766745665, 2817.800000000000182 ], [ 7.596820811436041, 46.413581410045587, 2814.786 ], [ 7.600190925291209, 46.415973588513502, 2843.070000000000164 ], [ 7.599528897422922, 46.418351883947388, 2659.726000000000113 ], [ 7.597650232813852, 46.419533178812145, 2596.734 ], [ 7.597389742379939, 46.420684076862997, 2604.223 ], [ 7.599838852898563, 46.422885430878473, 2618.679 ], [ 7.602942038474829, 46.422554545057089, 2640.539000000000215 ], [ 7.607504762396951, 46.424869995141407, 2727.985999999999876 ], [ 7.610234193509535, 46.428585017481481, 2782.476000000000113 ], [ 7.608349419696922, 46.434553220010891, 2653.367000000000189 ], [ 7.609650118259615, 46.436742890869347, 2591.688000000000102 ], [ 7.618483415927669, 46.43806871370294, 2452.577000000000226 ], [ 7.621150932305675, 46.439291995504931, 2466.775 ], [ 7.62443611348834, 46.441698737059511, 2384.254 ], [ 7.626085936801485, 46.445085800595912, 2377.049 ], [ 7.637206112478673, 46.44051208214357, 1909.923 ], [ 7.67845003477916, 46.428934421456852, 3629.460999999999785 ], [ 7.690322109991418, 46.424670404205457, 3665.826 ], [ 7.693609512927956, 46.424936603850597, 3689.393999999999778 ], [ 7.698825223062017, 46.419233355125719, 3297.848 ], [ 7.704012907220855, 46.416996245905501, 2972.67 ], [ 7.708524105543664, 46.413896987666519, 2761.193000000000211 ], [ 7.715595769847794, 46.414817243667123, 2693.837 ], [ 7.718009384842453, 46.418009924038522, 2728.563999999999851 ], [ 7.721865845455213, 46.421011882477067, 2832.704000000000178 ], [ 7.731381845703188, 46.422126599062196, 2983.302999999999884 ], [ 7.735094234258511, 46.423344090387097, 3013.223 ], [ 7.736054425057805, 46.424897689867045, 3039.956000000000131 ], [ 7.74079962310087, 46.425696140046945, 3161.297999999999774 ], [ 7.744222457482866, 46.428418355232651, 3293.065 ], [ 7.753924649599184, 46.432509182928897, 3020.568000000000211 ], [ 7.756465081826446, 46.435100980826086, 2993.068000000000211 ], [ 7.757988751222042, 46.434981479020593, 2954.139000000000124 ], [ 7.76350475058153, 46.437210032520532, 3052.971 ], [ 7.765957984197624, 46.439965065726753, 3193.364 ], [ 7.76882871213197, 46.43958229860511, 3123.982 ], [ 7.772209266199209, 46.442300592644109, 3152.629 ], [ 7.778479770587773, 46.44333754155339, 3075.121999999999844 ], [ 7.77941418165577, 46.446729623234269, 3198.992000000000189 ], [ 7.784519404691133, 46.449073440662303, 3183.219 ], [ 7.785992826675711, 46.451472316238124, 3187.585999999999785 ], [ 7.792630253941689, 46.453898449366832, 3181.697000000000116 ], [ 7.798330182083296, 46.458813991107178, 3164.784000000000106 ], [ 7.825465257553205, 46.467083790952231, 3121.356000000000222 ], [ 7.82653769692933, 46.467804581897077, 3119.527 ], [ 7.826222944096689, 46.46905273116186, 3159.21 ], [ 7.828503536693138, 46.470945296576282, 3176.909000000000106 ], [ 7.838181173960061, 46.47477879498129, 3252.268999999999778 ], [ 7.844661572893303, 46.478505279162448, 3440.616 ], [ 7.848188011837244, 46.478790976030389, 3554.136 ], [ 7.85032435899749, 46.477258370041454, 3510.81 ], [ 7.863675907559552, 46.478328434101243, 3309.313000000000102 ], [ 7.869925948846909, 46.477833912854187, 3524.658 ], [ 7.87835707415052, 46.478681992472161, 3726.909000000000106 ], [ 7.887061646972312, 46.480869419112672, 3468.199999999999818 ], [ 7.890846497883523, 46.483331092369333, 3380.635000000000218 ], [ 7.895305801340637, 46.48226816377796, 3332.264999999999873 ], [ 7.897657883752652, 46.482431483822303, 3324.110999999999876 ], [ 7.905845806631568, 46.487107288962783, 3671.594 ], [ 7.911592927566295, 46.486741707745871, 3734.429999999999836 ], [ 7.916790393034069, 46.491555156611106, 3627.945000000000164 ], [ 7.923634379211679, 46.491899521282491, 3719.768999999999778 ], [ 7.924895168643177, 46.493761003492779, 3709.626000000000204 ], [ 7.923461381396196, 46.495073365259699, 3753.851000000000113 ], [ 7.927503127633933, 46.49726797150462, 3824.965000000000146 ], [ 7.932643113069669, 46.498223798415253, 3888.949999999999818 ], [ 7.934522363362616, 46.503285830603701, 3731.637000000000171 ], [ 7.940887689082056, 46.506479611915644, 3736.335999999999785 ], [ 7.941770672004034, 46.507718699457079, 3807.862999999999829 ], [ 7.951343475432312, 46.508667285378323, 3897.094 ], [ 7.953494793636071, 46.507974800549661, 3959.831000000000131 ], [ 7.964183022616403, 46.512679867502683, 3887.675000000000182 ], [ 7.967589960947526, 46.512792367094896, 3980.606000000000222 ], [ 7.970537232197056, 46.516287683384427, 3802.859 ], [ 7.971311944896635, 46.518810052907895, 3659.583999999999833 ], [ 7.970624885737581, 46.521149213288524, 3638.184000000000196 ], [ 7.973058882220521, 46.523775328741728, 3665.783 ], [ 7.970571395652128, 46.526502177017008, 3743.813999999999851 ], [ 7.969099245900039, 46.526917941473293, 3773.268 ], [ 7.969334608672687, 46.528434574795014, 3703.402 ], [ 7.966550722821987, 46.530627498492073, 3952.251000000000204 ], [ 7.967430720596357, 46.53226788145178, 3955.556999999999789 ], [ 7.963374037844847, 46.535262911647727, 4016.639999999999873 ], [ 7.96257513112458, 46.536761217627223, 4158.283000000000357 ], [ 7.962996765193931, 46.539397167479088, 4075.235999999999876 ], [ 7.967766397169465, 46.541433392970269, 3976.023000000000138 ], [ 7.969800006634627, 46.544889328605244, 3807.443000000000211 ], [ 7.974128056115513, 46.546512056865282, 3564.539000000000215 ], [ 7.97824298177686, 46.547124757703173, 3466.056999999999789 ], [ 7.979579867969586, 46.547993352936238, 3465.813000000000102 ], [ 7.985884839581061, 46.547736180925668, 3561.882999999999811 ], [ 7.992612860200432, 46.554463548817722, 3800.789000000000215 ], [ 7.993331263242911, 46.556279671390151, 3948.878000000000156 ], [ 7.997300217977385, 46.558508734908507, 4105.348 ], [ 8.001439386775754, 46.557952074994994, 3987.096 ], [ 8.008483177404759, 46.561117780962569, 3660.56 ], [ 8.016073558017062, 46.563314457196206, 3566.735999999999876 ], [ 8.019144000899512, 46.562652230773296, 3516.117000000000189 ], [ 8.022012962152258, 46.562910475918827, 3533.773000000000138 ], [ 8.024867374136909, 46.561889656431916, 3531.335999999999785 ], [ 8.032591579707098, 46.562182696435237, 3607.570000000000164 ], [ 8.035024549870077, 46.559989554952232, 3692.143999999999778 ], [ 8.043131693836589, 46.556868681636864, 3638.052999999999884 ], [ 8.05467453839969, 46.555712308750458, 3785.648000000000138 ], [ 8.06146030657135, 46.551332119570027, 4049.351999999999862 ], [ 8.06208975624207, 46.552785147131026, 3902.507999999999811 ], [ 8.070726055750422, 46.553480728948536, 3839.304999999999836 ], [ 8.075797609097393, 46.555552126835494, 3895.815 ], [ 8.086973931889103, 46.551298307835914, 3747.601999999999862 ], [ 8.093671907139642, 46.551434660946938, 3697.139999999999873 ], [ 8.095385778264021, 46.548898951181755, 3658.554999999999836 ], [ 8.101829930872727, 46.547989311104416, 3720.675000000000182 ], [ 8.105031691967506, 46.548608347295087, 3735.467 ], [ 8.114171036150355, 46.546687441447872, 3941.920999999999822 ], [ 8.126400471984399, 46.537170707112224, 4269.379 ], [ 8.133709796129303, 46.536067602192546, 3535.663 ], [ 8.136630826075443, 46.534692046557907, 3435.315 ], [ 8.140486590559833, 46.534952418798255, 3408.356000000000222 ], [ 8.149758443823847, 46.531647132334726, 3551.652 ], [ 8.158210191185885, 46.531636058986287, 3395.244999999999891 ], [ 8.160580252845129, 46.530916329885891, 3383.896000000000186 ], [ 8.163391639567296, 46.532064744860008, 3434.056999999999789 ], [ 8.169565629125337, 46.530957445523896, 3407.447000000000116 ], [ 8.174507975900763, 46.531413888833129, 3631.210999999999785 ], [ 8.17449019530943, 46.524216915731884, 3332.371 ], [ 8.178989786666566, 46.522788011652978, 3399.964 ], [ 8.180721627060853, 46.520344103304652, 3477.145 ], [ 8.184747821448655, 46.520358426446116, 3462.792 ], [ 8.191173965225587, 46.523055998993406, 3197.168999999999869 ], [ 8.196429741543977, 46.523160949316967, 3147.975 ], [ 8.199298844658095, 46.523930622858423, 3118.8449999999998 ], [ 8.202846192509966, 46.523885830547684, 3145.205 ], [ 8.20545288576551, 46.522961831414577, 3128.848 ], [ 8.210528358683705, 46.525282374007183, 3115.617000000000189 ], [ 8.216887922603982, 46.526292783275956, 3032.857 ], [ 8.225820455847138, 46.526902057475596, 2984.46 ], [ 8.227757230347352, 46.526314607094953, 3037.041000000000167 ], [ 8.232075476687978, 46.52733665320622, 2965.223 ], [ 8.234472884347403, 46.526525769456775, 3032.302999999999884 ], [ 8.238256575767512, 46.527124785217509, 3068.184000000000196 ], [ 8.241765076308154, 46.526549430837917, 2937.163 ], [ 8.250810207538258, 46.529238480548479, 2863.851000000000113 ], [ 8.258060279395442, 46.529403185692367, 2853.833 ], [ 8.262157235214449, 46.531704619744296, 2837.210999999999785 ], [ 8.262982923220589, 46.533477374108145, 2846.539000000000215 ], [ 8.268462620106247, 46.534176372015111, 2838.806999999999789 ], [ 8.273247625221915, 46.536465081881332, 2808.991 ], [ 8.279587058763839, 46.536098812245541, 2788.465000000000146 ], [ 8.284004934247708, 46.538659214607016, 2816.105 ], [ 8.287377463934579, 46.543087949272817, 2854.023000000000138 ], [ 8.292744397924945, 46.543993463230166, 2699.6 ], [ 8.293883449583333, 46.545042056705498, 2741.112999999999829 ], [ 8.296210295433458, 46.544517525204064, 2694.893999999999778 ], [ 8.303332886032583, 46.545709243553148, 2733.85 ], [ 8.312721285322731, 46.552511702268717, 2764.376000000000204 ], [ 8.312557665791314, 46.554362564082787, 2661.391 ], [ 8.316630148184169, 46.559026729487961, 2570.958999999999833 ], [ 8.321443215112977, 46.56007745308731, 2476.777 ], [ 8.327310912036847, 46.559896267278347, 2353.038 ], [ 8.336608383762819, 46.56112042393223, 2163.583 ], [ 8.343949157668902, 46.564215153657095, 2305.674 ], [ 8.348688040251339, 46.567870336524514, 2429.342 ], [ 8.350645046250191, 46.568359291236305, 2472.491 ], [ 8.351840123962983, 46.569462266932739, 2480.003000000000156 ], [ 8.351523414708112, 46.571736399701564, 2481.768 ], [ 8.360420866507273, 46.577762454094163, 2580.909999999999854 ], [ 8.36467586521878, 46.582475942525299, 2661.219 ], [ 8.360597723338762, 46.586299303008623, 2822.949 ], [ 8.361430580465052, 46.589853604800211, 3039.268999999999778 ], [ 8.363456829292167, 46.592490064530772, 3164.878000000000156 ], [ 8.361384870609083, 46.598046197732472, 3161.257999999999811 ], [ 8.362275934172496, 46.599736939971521, 3118.97400000000016 ], [ 8.361897805274056, 46.60178367168308, 3172.837 ], [ 8.365119108387292, 46.604013076556441, 3047.982 ], [ 8.365792230151182, 46.606713389178296, 3091.094 ], [ 8.368527085958867, 46.609189825348956, 3047.880000000000109 ], [ 8.370519918588196, 46.613935296538564, 3038.681 ], [ 8.370959718692159, 46.618865350590603, 3090.101999999999862 ], [ 8.368740989360909, 46.620588120050506, 3120.110999999999876 ], [ 8.368512479659024, 46.623940376306372, 3153.475 ], [ 8.369314108912139, 46.628710494988916, 3250.313000000000102 ], [ 8.372421474603412, 46.632980911543726, 3291.835 ], [ 8.371421835333663, 46.63410950810384, 3366.146000000000186 ], [ 8.374112397582232, 46.632769003544482, 3320.806999999999789 ], [ 8.380149543456795, 46.634155112853861, 3214.4699999999998 ], [ 8.390074844539825, 46.643871425325514, 3098.819 ], [ 8.394754476394018, 46.646055603576066, 3281.023000000000138 ], [ 8.398978886762821, 46.654047836516533, 3398.434000000000196 ], [ 8.418226806787391, 46.652193515460183, 3554.031 ], [ 8.420463707291109, 46.648649761182156, 3568.77599999999984 ], [ 8.421991555761933, 46.647881145166338, 3608.241 ], [ 8.420718503125926, 46.646584781500053, 3560.396000000000186 ], [ 8.421373522851283, 46.644500844730352, 3619.386 ], [ 8.420309536364083, 46.63717830063667, 3542.781 ], [ 8.418806845599963, 46.63591631151958, 3507.77599999999984 ], [ 8.421053007908375, 46.627803143488144, 3474.148000000000138 ], [ 8.422356456723412, 46.627263013141082, 3515.339 ], [ 8.420397645778049, 46.625572007730256, 3410.539000000000215 ], [ 8.420406183724696, 46.616349571142749, 3416.514000000000124 ], [ 8.416981150159057, 46.612564668006755, 3581.172999999999774 ], [ 8.41613965819959, 46.606827723613819, 3359.297999999999774 ], [ 8.411214419665029, 46.602657854744066, 3137.110999999999876 ], [ 8.40798905248486, 46.601186023355339, 3159.92 ], [ 8.407637499687732, 46.59951952158697, 3216.19 ], [ 8.410307982857631, 46.596376133654019, 3133.726999999999862 ], [ 8.40901131754787, 46.595392577996932, 3095.087 ], [ 8.408149316986357, 46.58963120736616, 2992.844 ], [ 8.406144871495798, 46.585962169259794, 3018.158 ], [ 8.407978020103855, 46.584517246923312, 2972.467 ], [ 8.407659254551831, 46.583019014836303, 2918.754 ], [ 8.41048174597549, 46.579680250371624, 2790.206000000000131 ], [ 8.409955496315636, 46.577479465300172, 2762.833 ], [ 8.417034900635301, 46.571096817549332, 2462.982 ], [ 8.419759237695727, 46.566165939359145, 2766.277 ], [ 8.419627609558608, 46.563572250832152, 2821.583999999999833 ], [ 8.421289393729182, 46.561053150564376, 2847.257999999999811 ], [ 8.423262321424616, 46.560155518701308, 2853.665 ], [ 8.423034607166084, 46.556004613635594, 2866.114 ], [ 8.424136026303799, 46.551798667015582, 2880.356000000000222 ], [ 8.426085818190442, 46.549930457859013, 2947.168999999999869 ], [ 8.426320935881163, 46.547324912979334, 3035.702000000000226 ], [ 8.428472226027631, 46.545432975000629, 3045.926 ], [ 8.428849696465543, 46.543630840933965, 2954.4699999999998 ], [ 8.432866597722448, 46.542935688151964, 2983.9 ], [ 8.435569857323687, 46.540134519863308, 2949.9 ], [ 8.441093922233126, 46.539718666787124, 2908.484 ], [ 8.44528972583972, 46.536836511243393, 2997.489999999999782 ], [ 8.457407074931647, 46.533653345872814, 2914.842 ], [ 8.460239833326092, 46.533845743681347, 2929.896000000000186 ], [ 8.464419306548091, 46.53583185537854, 3055.136 ], [ 8.469408910596499, 46.532848588202391, 2909.842 ], [ 8.473511085434723, 46.52855585464377, 3077.648999999999887 ], [ 8.477640569273641, 46.527614673499706, 3024.646000000000186 ] ] ] } },
{ "type": "Feature", "properties": { "NAME": "Fribourg", "KANTONSNUM": 10, "EINWOHNERZ": 346674, "ICC": "CH" }, "geometry": { "type": "MultiPolygon", "coordinates": [ [ [ [ 7.040163360444474, 46.979844951892865, 430.548 ], [ 7.05778082056665, 46.976874205215012, 431.884 ], [ 7.089920916025459, 46.976641703513373, 431.164 ], [ 7.092300802163747, 46.976125619381733, 430.549 ], [ 7.148920492634234, 46.985277468985331, 433.29 ], [ 7.151726582575062, 46.986221131532986, 433.958 ], [ 7.156081166651094, 46.986034976952567, 432.398 ], [ 7.196674109395488, 47.000138577267244, 436.614 ], [ 7.196308520102809, 47.002130979301619, 437.145 ], [ 7.199381279273585, 47.001211214224035, 437.496 ], [ 7.200675588364298, 47.00165962830247, 436.919 ], [ 7.20509185764277, 47.00626543811677, 437.413 ], [ 7.210245258975724, 47.003947523810481, 438.025 ], [ 7.212990974288544, 47.006806030210406, 438.077 ], [ 7.215717140958684, 47.005209782537023, 451.51 ], [ 7.217786902741261, 47.006411272968194, 453.344 ], [ 7.221531843272751, 47.00211063666962, 511.24 ], [ 7.22312067272601, 46.998133160830207, 506.506 ], [ 7.225749835374388, 46.999153770361836, 495.43 ], [ 7.226248411805419, 46.998682634901719, 493.22 ], [ 7.22642395546324, 46.99697351754741, 488.965 ], [ 7.222223527585799, 46.993161838079224, 494.496 ], [ 7.225945260002812, 46.992404420775834, 489.899 ], [ 7.229166315061568, 46.990681557373172, 517.952 ], [ 7.228628324078936, 46.990015395524985, 517.952 ], [ 7.231613496716545, 46.989094642261101, 523.503 ], [ 7.234863984854324, 46.986756665326233, 511.063 ], [ 7.235689109967214, 46.984562062180906, 512.781 ], [ 7.233500396192402, 46.983656940111736, 513.008 ], [ 7.228436870223443, 46.978498595703584, 511.78 ], [ 7.22163173161595, 46.975557622888864, 489.538 ], [ 7.222468761458653, 46.974539945390021, 500.753 ], [ 7.216864272428373, 46.972716143885926, 492.744 ], [ 7.217388959045602, 46.971468370090193, 483.966 ], [ 7.21466799590562, 46.971328915008677, 487.227 ], [ 7.214222815368656, 46.966925701479369, 493.931 ], [ 7.207453721401174, 46.967513814441077, 487.33 ], [ 7.206463490758463, 46.964128236739185, 489.128 ], [ 7.19929844617576, 46.963799214501229, 478.932 ], [ 7.19794541910651, 46.964448670110791, 469.348 ], [ 7.196329292769723, 46.96365110660799, 462.188 ], [ 7.195517859405317, 46.964157724200497, 455.364 ], [ 7.194626304098976, 46.962904192145913, 450.144 ], [ 7.19459328157574, 46.961353475417681, 450.438 ], [ 7.197639000905236, 46.960654214442606, 450.613 ], [ 7.200005915849538, 46.959085975351712, 450.913 ], [ 7.207420736682991, 46.959673010765286, 454.966 ], [ 7.208376731314433, 46.957681069855276, 457.898 ], [ 7.210999549621693, 46.95657591432262, 459.038 ], [ 7.208855227866526, 46.954348323863705, 462.139 ], [ 7.207717878990155, 46.949166000922119, 466.563 ], [ 7.210112285179941, 46.947809975336767, 468.008 ], [ 7.210440265794603, 46.945688661087033, 470.12 ], [ 7.209516195534186, 46.944831983406949, 471.473 ], [ 7.210266921090343, 46.943023300756536, 473.488 ], [ 7.20950673413257, 46.941878213041228, 475.167 ], [ 7.207824498112638, 46.942071260717022, 491.152 ], [ 7.205499968749304, 46.941119298425946, 494.341 ], [ 7.205797224912021, 46.940228844520156, 479.331 ], [ 7.20358969384381, 46.940538842913554, 483.837 ], [ 7.203795220522388, 46.939522004185093, 480.148 ], [ 7.201959891879841, 46.939298347692002, 480.542 ], [ 7.204384526681323, 46.939096393349033, 482.536 ], [ 7.203001930928297, 46.937343522408867, 529.069 ], [ 7.204224639989622, 46.937423338264196, 525.316 ], [ 7.208234806128297, 46.93323082567052, 510.811 ], [ 7.209301694922448, 46.933342359749346, 513.201 ], [ 7.210434634203917, 46.931048625114485, 510.086 ], [ 7.211712970422052, 46.931236030454137, 514.432 ], [ 7.212684067843778, 46.928454767977932, 509.827 ], [ 7.211346129524459, 46.927875063220036, 512.613 ], [ 7.211101004439109, 46.925267985394143, 513.086 ], [ 7.206919641773702, 46.924807297919862, 514.658 ], [ 7.206829571719308, 46.921986908542863, 532.394 ], [ 7.205069274712775, 46.921692221489089, 500.419 ], [ 7.207071061092186, 46.916476195941144, 504.432 ], [ 7.205776164173091, 46.914773191580906, 506.046 ], [ 7.205990387652755, 46.912660137790411, 510.42 ], [ 7.207808836811406, 46.909134614156791, 515.671 ], [ 7.20527233136825, 46.908258858802562, 521.746 ], [ 7.204330473752036, 46.906310209139853, 547.747 ], [ 7.198792674303646, 46.903759129300838, 545.919 ], [ 7.187706669738406, 46.900361516955108, 536.961 ], [ 7.195315366248796, 46.899005573011763, 550.109 ], [ 7.196874213907636, 46.900954230196163, 546.045 ], [ 7.199950966831591, 46.902459663491356, 539.409 ], [ 7.20392648106966, 46.90197899268194, 539.129 ], [ 7.208802176377019, 46.902606083777911, 549.238 ], [ 7.212441147877091, 46.901729398318572, 536.575 ], [ 7.21754896289835, 46.897346514298746, 483.0 ], [ 7.223514311529486, 46.902765605484205, 482.729 ], [ 7.230323492024259, 46.90394139832474, 482.296 ], [ 7.228914280865406, 46.903213082957784, 487.122 ], [ 7.229130677748016, 46.902298059033853, 487.549 ], [ 7.230895657561828, 46.902401364893187, 486.946 ], [ 7.232025869458625, 46.900294155309126, 491.068 ], [ 7.236327504355065, 46.898095303831184, 501.163 ], [ 7.243143865743793, 46.897917079774203, 499.57 ], [ 7.244333948118995, 46.900374259292001, 489.019 ], [ 7.259305823308551, 46.89796915944823, 496.298 ], [ 7.266340765139312, 46.893608264552235, 500.792 ], [ 7.272590391023237, 46.892493133007186, 503.681 ], [ 7.280196527853778, 46.889598475528501, 508.482 ], [ 7.282452886313906, 46.889796669802031, 509.598 ], [ 7.286390817706152, 46.892694921600821, 513.049 ], [ 7.289379886555677, 46.893771051319568, 514.73 ], [ 7.296181500932242, 46.893769473712744, 518.727 ], [ 7.309350303981339, 46.891524392804158, 526.438 ], [ 7.325731489010121, 46.893732762603719, 535.649 ], [ 7.346968784030688, 46.889702228836015, 547.557 ], [ 7.353031391287677, 46.887190893650768, 552.251 ], [ 7.352528598522974, 46.875551143332061, 563.094 ], [ 7.353860834199611, 46.871295057420234, 567.557 ], [ 7.357381743338084, 46.870104229117068, 570.455 ], [ 7.35838464056488, 46.868796049902812, 573.275 ], [ 7.357943363389052, 46.865125842809469, 575.156 ], [ 7.359247767353047, 46.863107312978187, 577.762 ], [ 7.357717614677038, 46.860653855547056, 580.223 ], [ 7.354436619767403, 46.858753296254918, 584.574 ], [ 7.349339166381722, 46.853312573815714, 593.563 ], [ 7.347264903671786, 46.853753585740634, 593.655 ], [ 7.338209638044529, 46.849455595654412, 604.048 ], [ 7.336782376743928, 46.849789413244942, 641.631 ], [ 7.336669112332274, 46.851037430510971, 685.398 ], [ 7.335363169658475, 46.85043293688711, 715.727 ], [ 7.334233215984554, 46.852402167096429, 728.658 ], [ 7.331660428669762, 46.851180537025435, 755.891 ], [ 7.326035119663047, 46.851632709748934, 776.758 ], [ 7.323004880893242, 46.854765354006794, 765.464 ], [ 7.325757320847335, 46.856806680397447, 793.971 ], [ 7.327783812579987, 46.855940706708232, 805.063 ], [ 7.330699937958344, 46.857630520896862, 801.219 ], [ 7.327283919214765, 46.859235594164346, 748.977 ], [ 7.327009347997815, 46.86003544696792, 742.969 ], [ 7.320872254752479, 46.861541195815825, 693.26 ], [ 7.317392881779242, 46.860601722198652, 704.223 ], [ 7.317779394322841, 46.862266730803562, 682.279 ], [ 7.316408802447602, 46.86259359928237, 678.995 ], [ 7.314608188529965, 46.861912337368686, 681.667 ], [ 7.314225867739432, 46.860685264680178, 685.905 ], [ 7.312578783053098, 46.860727987629367, 668.426 ], [ 7.313515068231677, 46.859365612385567, 664.529 ], [ 7.312052743122718, 46.858678389938071, 644.417 ], [ 7.312072814371751, 46.855572463968805, 646.768 ], [ 7.302152681208224, 46.852036584783036, 716.667 ], [ 7.306126847995013, 46.849991069438516, 711.58 ], [ 7.307746242746648, 46.848078778225911, 665.575 ], [ 7.307547832898518, 46.847038330979657, 675.792 ], [ 7.308949672643215, 46.846267780245341, 707.712 ], [ 7.323328469033671, 46.840410899543862, 717.958 ], [ 7.324211315607315, 46.838559016748299, 725.458 ], [ 7.329255439101216, 46.835629753541276, 634.975 ], [ 7.329340449254502, 46.833944349702655, 629.658 ], [ 7.331226223667803, 46.831767409378713, 632.648 ], [ 7.328913332218592, 46.828997134735381, 636.801 ], [ 7.320252623553924, 46.826736682350166, 644.845 ], [ 7.319813240837452, 46.825151915184705, 645.166 ], [ 7.320946812339291, 46.821855579975768, 650.591 ], [ 7.318978713878576, 46.817025005829173, 657.945 ], [ 7.320460641624519, 46.815676734531898, 660.624 ], [ 7.320203025356502, 46.814806748303404, 661.536 ], [ 7.317457865551513, 46.813820382237594, 664.18 ], [ 7.310317007137539, 46.808020958796909, 674.161 ], [ 7.307480773932372, 46.79875914127792, 686.738 ], [ 7.301592543655012, 46.792827764933662, 696.893 ], [ 7.303508746256262, 46.788870568940027, 702.417 ], [ 7.302071438238065, 46.78638271462836, 705.018 ], [ 7.304472409697473, 46.78320553511206, 711.178 ], [ 7.301130928730546, 46.781343996895899, 715.546 ], [ 7.300810873678429, 46.779054644717867, 719.504 ], [ 7.296389871872372, 46.777286262169987, 723.143 ], [ 7.295314801289082, 46.775372986258688, 726.436 ], [ 7.291283956199137, 46.773341268240316, 730.355 ], [ 7.290468734915856, 46.772049524840163, 733.039 ], [ 7.293067457885553, 46.771362960708259, 737.102 ], [ 7.293193101642943, 46.76826174226553, 741.826 ], [ 7.295935492194012, 46.765460003657758, 746.895 ], [ 7.298805969757255, 46.765134268317937, 750.255 ], [ 7.298189757463775, 46.764102657258093, 752.538 ], [ 7.299866877296537, 46.763755341056616, 754.398 ], [ 7.303594392984698, 46.759189742974634, 763.589 ], [ 7.303203277046549, 46.753592072603126, 774.369 ], [ 7.304211798005138, 46.747783927290115, 785.52 ], [ 7.296857298547383, 46.737109729852655, 811.372 ], [ 7.296753156540695, 46.727810379455597, 833.351 ], [ 7.300526535955324, 46.722123971339769, 847.429 ], [ 7.307916129383922, 46.717179947578799, 864.712 ], [ 7.30991779842531, 46.718095832474283, 869.041 ], [ 7.328191437109615, 46.716624853600763, 909.048 ], [ 7.333881321583328, 46.714523102471212, 924.042 ], [ 7.341446082090161, 46.714210584329948, 942.188 ], [ 7.349509305003909, 46.71220472406705, 966.042 ], [ 7.350611156227965, 46.70854714233036, 988.675 ], [ 7.349072858314423, 46.704897675259119, 1014.992 ], [ 7.346247246000261, 46.7022072446618, 1039.167 ], [ 7.345741511248061, 46.698940664857737, 1073.068 ], [ 7.360019052975804, 46.697952184994961, 1438.682 ], [ 7.362568868451462, 46.699182704732415, 1495.473 ], [ 7.36486438239077, 46.694966435570052, 1530.019 ], [ 7.368610079961438, 46.69261318497874, 1638.369999999999891 ], [ 7.374004801832224, 46.692144123565612, 1620.801 ], [ 7.376942046921103, 46.692711960011955, 1658.768 ], [ 7.380210065649115, 46.690185204255528, 1620.56 ], [ 7.375922761602835, 46.687765764676058, 1666.146 ], [ 7.375824885335598, 46.686396194808282, 1641.806 ], [ 7.377746154711389, 46.68354715171909, 1796.137 ], [ 7.372896366258128, 46.680152961314739, 1759.621 ], [ 7.376449236577022, 46.675027804671664, 2090.879 ], [ 7.371141235609786, 46.669390549707607, 1973.923 ], [ 7.372507397570337, 46.667540925301289, 1986.263999999999896 ], [ 7.371197218994201, 46.663658991891097, 1833.357 ], [ 7.371891380040346, 46.662659170209345, 1798.590999999999894 ], [ 7.369277513790013, 46.655580945528719, 2104.195000000000164 ], [ 7.377260223980231, 46.656262864725718, 1869.648999999999887 ], [ 7.366063181196513, 46.648960052645442, 1654.116 ], [ 7.362076959905454, 46.647904554826056, 1701.398 ], [ 7.361708886985332, 46.64623903301483, 1610.556 ], [ 7.358408441304705, 46.643877444398711, 1707.637 ], [ 7.357281833793576, 46.639283437698403, 1809.386 ], [ 7.35535902453554, 46.641749393855115, 1964.92 ], [ 7.355824789109999, 46.645361317525314, 2052.913 ], [ 7.354596634443539, 46.646656758466861, 2078.737999999999829 ], [ 7.350771298843641, 46.64796167871171, 2068.357 ], [ 7.35072429418129, 46.651633934851638, 2173.97400000000016 ], [ 7.347356001349013, 46.653405337395213, 2091.184000000000196 ], [ 7.345572916986987, 46.655338684509083, 2104.72400000000016 ], [ 7.340358335110978, 46.655625901904756, 2095.193000000000211 ], [ 7.334082653488162, 46.654699710170668, 2130.110999999999876 ], [ 7.331032360562395, 46.655300583318507, 2156.826 ], [ 7.329756331494742, 46.654616237727815, 2104.185 ], [ 7.323247165394372, 46.655337369880478, 2070.425000000000182 ], [ 7.321137778798795, 46.654617507063314, 2036.405 ], [ 7.327742936397862, 46.64633353517484, 1720.138999999999896 ], [ 7.329692874883786, 46.641833019341369, 2006.292 ], [ 7.324915749215466, 46.637722067831938, 2180.039000000000215 ], [ 7.320514157542705, 46.636798298837583, 2202.561000000000149 ], [ 7.313262963922226, 46.636624542533234, 2205.315 ], [ 7.312107258181997, 46.621704168045731, 1562.513999999999896 ], [ 7.317859615240154, 46.618568131105583, 1520.777 ], [ 7.31818058229065, 46.616134922414041, 1556.666 ], [ 7.314830157556488, 46.600419612825178, 1557.779 ], [ 7.32073019061591, 46.591859157026782, 1218.901 ], [ 7.31250248915318, 46.589177956884114, 1317.268 ], [ 7.308042322190569, 46.581319449362809, 1363.131 ], [ 7.299200094392899, 46.579103443962197, 1164.717 ], [ 7.281355112414758, 46.584111202406724, 1994.497 ], [ 7.268092579685702, 46.573691055518545, 2120.389999999999873 ], [ 7.263846130765609, 46.567516396044212, 1927.763999999999896 ], [ 7.255731922261632, 46.560291857180871, 1955.125 ], [ 7.24704790479065, 46.556229568974075, 2115.699 ], [ 7.240469889548554, 46.55423923719141, 2027.071999999999889 ], [ 7.236311076444531, 46.554067285514698, 2178.212 ], [ 7.23187024164716, 46.551094352283975, 2072.367000000000189 ], [ 7.225548726067777, 46.549271259949528, 2228.114 ], [ 7.223197322504559, 46.547691519865445, 2177.117000000000189 ], [ 7.221696131449153, 46.544802933029551, 2065.931 ], [ 7.214178749685071, 46.537639805115568, 2015.913 ], [ 7.207648914560301, 46.532907136284898, 1810.383 ], [ 7.201070330219864, 46.540001831229681, 1694.1 ], [ 7.200808653075288, 46.541693365183441, 1676.917 ], [ 7.192173062758103, 46.546558560934457, 1435.715 ], [ 7.182334424250783, 46.538371583384546, 1758.232 ], [ 7.167107375204644, 46.531081387991271, 2173.902 ], [ 7.16342991459174, 46.528535856114829, 2240.367000000000189 ], [ 7.15794624689577, 46.526790843541782, 2224.476000000000113 ], [ 7.148349549513205, 46.528464904151861, 2389.038 ], [ 7.14500752250337, 46.526864561213714, 2264.512000000000171 ], [ 7.143671825247288, 46.522114803680573, 2375.326 ], [ 7.137077580168723, 46.513107245154451, 2373.809000000000196 ], [ 7.136255999263461, 46.508611665329489, 2203.025 ], [ 7.13096236170319, 46.504655587491065, 2156.460999999999785 ], [ 7.126341523720236, 46.503157245240523, 2207.755000000000109 ], [ 7.122785509564697, 46.498699335522019, 2139.154 ], [ 7.110293727278645, 46.494804504566318, 2124.478999999999814 ], [ 7.108474273842202, 46.492854968820055, 2050.422999999999774 ], [ 7.106673741040103, 46.492224229971143, 2082.398000000000138 ], [ 7.105354176814894, 46.489319851807124, 1979.681 ], [ 7.100362550759843, 46.486989283298449, 2070.242000000000189 ], [ 7.09801675539402, 46.488408024434875, 1996.386 ], [ 7.088901123601566, 46.486932870862802, 1888.606 ], [ 7.08695224887903, 46.487790541471561, 1864.883 ], [ 7.082423591147819, 46.487776354506799, 1770.816 ], [ 7.077583566518391, 46.488834757727645, 1587.113 ], [ 7.072395334144327, 46.486402044802823, 1681.154 ], [ 7.065820836332631, 46.489041663330262, 1464.880000000000109 ], [ 7.061084546068098, 46.487275197340459, 1424.484 ], [ 7.059087875541073, 46.485225847683481, 1293.954 ], [ 7.054424823079875, 46.482747310342802, 1214.696999999999889 ], [ 7.050916882289521, 46.481824905153097, 1221.104 ], [ 7.044061326423203, 46.476583825640418, 1037.742 ], [ 7.038513681064766, 46.474318960154498, 868.071 ], [ 7.028453541297434, 46.466816796026329, 1560.413 ], [ 7.026768272502694, 46.464175008366027, 1707.5 ], [ 7.021975163367964, 46.46111696341282, 1633.401 ], [ 7.020230784189288, 46.459446363900454, 1647.238 ], [ 7.021028456316646, 46.457290370645161, 1576.285 ], [ 7.017853910833023, 46.447068573855553, 1031.656 ], [ 7.017196561577545, 46.447920705034882, 1026.61 ], [ 7.002500795109365, 46.443439298187371, 1553.988 ], [ 6.992817606077798, 46.43888583378785, 1769.086 ], [ 6.984784401397095, 46.437909381373544, 1948.923 ], [ 6.983740694420775, 46.438238008875203, 1865.28 ], [ 6.984157337523092, 46.439750913254379, 1746.5150000000001 ], [ 6.992110177560721, 46.448913070376967, 1711.46 ], [ 6.989708652981884, 46.452861648612064, 1274.432 ], [ 6.982694454431828, 46.458905966952067, 1733.671 ], [ 6.980155732098432, 46.458958763653079, 1859.777 ], [ 6.979057361617105, 46.461068306620831, 1763.574 ], [ 6.978149292864284, 46.46833320651745, 1839.776 ], [ 6.978913186112924, 46.47036036081861, 1941.098 ], [ 6.977823942482121, 46.472892726825243, 1871.559 ], [ 6.981319373112333, 46.475390080984297, 1790.242 ], [ 6.975808820206517, 46.478398184435171, 1448.61 ], [ 6.973801025592452, 46.481187817708076, 1360.413 ], [ 6.972369001518, 46.485681325027308, 1299.935 ], [ 6.973099746757496, 46.487308028083042, 1285.563000000000102 ], [ 6.972389208402264, 46.488791294, 1271.946 ], [ 6.973479465970652, 46.489228363430939, 1265.962 ], [ 6.972094757411444, 46.491194096393237, 1244.471 ], [ 6.969664413697306, 46.491245994635207, 1230.689 ], [ 6.965587004437671, 46.49316156464883, 1214.273 ], [ 6.963412706407811, 46.496246754208109, 1189.622 ], [ 6.956137267382426, 46.499497125644588, 1148.816 ], [ 6.954196196054889, 46.501910241763582, 1127.79 ], [ 6.950586232830184, 46.502640365665179, 1078.363 ], [ 6.947858962695597, 46.501306456205377, 1064.656 ], [ 6.943621095779065, 46.501180777939837, 1033.209 ], [ 6.941896611094951, 46.502079843828092, 1027.158 ], [ 6.938576823868079, 46.501001738541333, 1004.303 ], [ 6.934609281148085, 46.501396307747186, 980.245 ], [ 6.931214420624064, 46.504582670604044, 934.96 ], [ 6.927583958068356, 46.504673167672301, 903.76 ], [ 6.925165883902143, 46.507694174569117, 869.102 ], [ 6.91312492980971, 46.511116834286724, 766.72 ], [ 6.911384404969406, 46.51324889552383, 750.551 ], [ 6.910061479279349, 46.51234975597287, 745.766 ], [ 6.901139627783663, 46.513273865789728, 711.311 ], [ 6.90141352869289, 46.512333417401607, 700.785 ], [ 6.899739266638922, 46.510394939187826, 687.896 ], [ 6.895714798258565, 46.507750017334402, 639.85 ], [ 6.895216480262493, 46.510791468823392, 665.342 ], [ 6.897664567726827, 46.514828067997463, 710.596 ], [ 6.897723737492172, 46.520054902165192, 765.686 ], [ 6.896700462608897, 46.520448178338818, 805.943 ], [ 6.881672568635858, 46.512574475330297, 888.351 ], [ 6.872431762336653, 46.50431005699236, 931.596 ], [ 6.866336882611984, 46.50079188034092, 949.5 ], [ 6.862760236331127, 46.493847500029659, 811.997 ], [ 6.857284456339854, 46.493055443324387, 757.659 ], [ 6.848902426947324, 46.493374718410742, 724.695 ], [ 6.84774449603928, 46.493693582143386, 725.456 ], [ 6.845538855145123, 46.496668875732396, 715.069 ], [ 6.841728992171378, 46.496752967006913, 759.305 ], [ 6.835028119444444, 46.502316329391107, 743.495 ], [ 6.832389879357724, 46.505443547692032, 746.099 ], [ 6.830339406040844, 46.512465815048579, 734.867 ], [ 6.824287721263525, 46.51207815528916, 825.508 ], [ 6.822621219784097, 46.51411129708513, 835.831 ], [ 6.818100192845819, 46.516506863666805, 936.307 ], [ 6.815331790624803, 46.5213958905684, 827.409 ], [ 6.810872012921497, 46.525155330241276, 650.398 ], [ 6.812770054237927, 46.526154647335716, 648.156 ], [ 6.812771372069135, 46.52707717337492, 647.9 ], [ 6.817087400451596, 46.531420835426829, 641.761 ], [ 6.81779168549224, 46.53493731135044, 637.852 ], [ 6.818844023966009, 46.535677309047145, 636.327 ], [ 6.818272634170661, 46.536497757602923, 634.96 ], [ 6.821284079292452, 46.537943873144407, 633.482 ], [ 6.821133683912093, 46.539093095566699, 633.223 ], [ 6.824799273257699, 46.541605266759859, 630.724 ], [ 6.825371119582576, 46.543535480535446, 630.5 ], [ 6.827840711554009, 46.542952827646694, 631.235 ], [ 6.824756934694732, 46.539375934870833, 634.966 ], [ 6.825181860135705, 46.538016907201097, 635.723 ], [ 6.830414980450846, 46.537448328537486, 638.337 ], [ 6.840693251228759, 46.538190853585689, 697.204 ], [ 6.850867409979711, 46.541117547344669, 668.22 ], [ 6.855000362023195, 46.541439088599745, 676.217 ], [ 6.85678802866635, 46.53829230045941, 687.258 ], [ 6.856434156249946, 46.537046909179502, 688.988 ], [ 6.860146386890241, 46.535977479405908, 693.298 ], [ 6.858497158470296, 46.533373280085485, 695.766 ], [ 6.859219529507449, 46.53278935584779, 697.322 ], [ 6.858675726534927, 46.531807055538515, 698.117 ], [ 6.858964101952634, 46.530867268339072, 699.419 ], [ 6.861077638639661, 46.530684533136743, 700.958 ], [ 6.861952218126795, 46.531089074209348, 704.44 ], [ 6.862455489134018, 46.535170085824653, 716.325 ], [ 6.863750047199916, 46.534956825959895, 728.004 ], [ 6.864420886924718, 46.53812454559079, 733.376 ], [ 6.869236660120631, 46.543343779483884, 739.086 ], [ 6.87234505858408, 46.544833874029706, 748.691 ], [ 6.872634850465293, 46.545700934921967, 751.704 ], [ 6.874139537528278, 46.54562660748185, 756.538 ], [ 6.875770586482064, 46.54772621488258, 765.333 ], [ 6.878087794633363, 46.548573625812267, 771.038 ], [ 6.879415652316084, 46.550669188898986, 779.071 ], [ 6.888218560948347, 46.558148805662356, 796.16 ], [ 6.89167326871415, 46.557325979854475, 798.33 ], [ 6.891520597441861, 46.558416218585783, 798.955 ], [ 6.893920093240125, 46.559916298854802, 800.607 ], [ 6.894614048838786, 46.559076848231427, 801.556 ], [ 6.896914642670323, 46.560609890710573, 802.931 ], [ 6.897587252573984, 46.559671366358067, 803.229 ], [ 6.899055132769694, 46.5596534207329, 805.563 ], [ 6.902045569539497, 46.561164619357982, 804.825 ], [ 6.898843530791022, 46.564996610875568, 821.839 ], [ 6.900081023495549, 46.565715012865176, 828.591 ], [ 6.899177522243712, 46.566710847633274, 836.182 ], [ 6.901645891003791, 46.569726690256068, 839.841 ], [ 6.89797304205236, 46.570594597753065, 835.783 ], [ 6.892134914245984, 46.567902097900294, 838.271 ], [ 6.888163220950343, 46.567700602476826, 842.303 ], [ 6.886446222493959, 46.565024601009569, 841.795 ], [ 6.886850407716529, 46.563414950947973, 839.792 ], [ 6.884499685902917, 46.56195343716422, 849.99 ], [ 6.879428916776727, 46.567131152675913, 859.313 ], [ 6.874457362205246, 46.564970911104858, 847.961 ], [ 6.867894173981124, 46.57515582834256, 819.607 ], [ 6.865064900735218, 46.576229532182303, 835.247 ], [ 6.865534338621224, 46.577250635347227, 841.467 ], [ 6.85995902958465, 46.57986842112286, 830.325 ], [ 6.852611222529612, 46.581977468274253, 771.518 ], [ 6.850868906404325, 46.581132151105429, 751.005 ], [ 6.848561065689173, 46.583309791249221, 717.005 ], [ 6.84643902817715, 46.583947186778239, 711.754 ], [ 6.845316773970056, 46.582762018602175, 707.226 ], [ 6.842389830594441, 46.582441264479044, 696.536 ], [ 6.839859715094988, 46.579002818014317, 681.165 ], [ 6.834845758749138, 46.575337214767622, 658.65 ], [ 6.829263501878003, 46.576372638219922, 663.951 ], [ 6.826924121592268, 46.577967968824623, 640.122 ], [ 6.823710097748855, 46.577478239245913, 627.958 ], [ 6.820593545665831, 46.583683417077815, 614.205 ], [ 6.814102497934329, 46.585668891416454, 588.827 ], [ 6.814198911719759, 46.58395999398509, 589.781 ], [ 6.81152360483234, 46.580990263542432, 592.739 ], [ 6.813219685216909, 46.578229741434633, 593.846 ], [ 6.810833511297862, 46.578966197692772, 602.656 ], [ 6.809393566280285, 46.578850284864487, 604.572 ], [ 6.807935952780889, 46.577609883576976, 620.414 ], [ 6.804888715014989, 46.577927979092642, 647.268 ], [ 6.802557241516617, 46.574918349526179, 672.239 ], [ 6.801725091178689, 46.575195948717344, 679.579 ], [ 6.799481420525354, 46.574070794550508, 691.5 ], [ 6.794902137444683, 46.575318611306685, 698.594 ], [ 6.796252738098342, 46.577287640365306, 694.386 ], [ 6.796109661437621, 46.579320050593552, 692.424 ], [ 6.798936892454948, 46.582057149143274, 691.682 ], [ 6.799476646107018, 46.585591407805431, 687.893 ], [ 6.798480595064389, 46.586163438872489, 686.45 ], [ 6.801232753520376, 46.592504103519758, 653.205 ], [ 6.79832948075768, 46.599867439088754, 718.702 ], [ 6.802384930432994, 46.601424583282444, 730.003 ], [ 6.80389063254255, 46.60903380221469, 743.652 ], [ 6.801845048627907, 46.615557163277067, 706.792 ], [ 6.802960673086639, 46.61615619413471, 671.929 ], [ 6.802435639539887, 46.618774795357616, 664.526 ], [ 6.803545900218945, 46.621244110634663, 652.523 ], [ 6.801964145938759, 46.625071962093038, 678.074 ], [ 6.802279642968393, 46.627750547997962, 674.441 ], [ 6.801711439191049, 46.628540278053215, 686.417 ], [ 6.800650010758807, 46.628435753367846, 715.715 ], [ 6.800428871140804, 46.629916637911769, 711.643 ], [ 6.798371270067855, 46.630160666935659, 734.066 ], [ 6.796917694584585, 46.633145011380641, 717.681 ], [ 6.798941259114839, 46.639598394274586, 695.091 ], [ 6.801706237927434, 46.64421094119367, 553.884 ], [ 6.803205497836911, 46.64376743614573, 554.585 ], [ 6.80379440489593, 46.644514596275897, 534.384 ], [ 6.803668257483077, 46.645674729712759, 574.553 ], [ 6.798784851076359, 46.647813456213534, 554.378 ], [ 6.798940335519672, 46.649176441654809, 547.656 ], [ 6.80203005463179, 46.648897692628289, 612.405 ], [ 6.806739530587104, 46.650595762612525, 626.053 ], [ 6.810809138229424, 46.650387596794452, 634.318 ], [ 6.811934831483426, 46.649208134142505, 638.753 ], [ 6.813433947483146, 46.649536435335747, 651.188 ], [ 6.81457620666689, 46.647474630500326, 658.182 ], [ 6.818504227658903, 46.64780217121816, 690.038 ], [ 6.817282237269131, 46.649237036961381, 717.944 ], [ 6.820882082336892, 46.651795747386032, 753.928 ], [ 6.827408582296948, 46.659822655609993, 715.25 ], [ 6.828910653998342, 46.660559085583756, 729.011 ], [ 6.831388231650153, 46.659829185426858, 773.656 ], [ 6.833384631651753, 46.662230783424292, 770.64 ], [ 6.836266750088672, 46.661473781804439, 806.324 ], [ 6.838375987584808, 46.662576404741046, 810.732 ], [ 6.841807227392481, 46.661604988495966, 819.474 ], [ 6.842160096593844, 46.660837000310451, 821.813 ], [ 6.84411447560914, 46.660844234168628, 830.952 ], [ 6.842165929126931, 46.658839142644588, 830.212 ], [ 6.842937874292541, 46.658370731446766, 828.217 ], [ 6.84425896214559, 46.657682717101572, 802.574 ], [ 6.845215894782392, 46.658390600616507, 800.506 ], [ 6.853520748048243, 46.655462269700649, 830.171 ], [ 6.859385430600711, 46.659952199988545, 843.71 ], [ 6.863018704520258, 46.658386698256443, 840.351 ], [ 6.864715864048144, 46.65845190577506, 832.702 ], [ 6.867348102203474, 46.660100257415117, 821.646 ], [ 6.868005603225016, 46.660766707639127, 816.984 ], [ 6.867252464891436, 46.662113484711121, 818.916 ], [ 6.868334065936747, 46.662969166391811, 815.706 ], [ 6.864394360876282, 46.664763529320723, 826.181 ], [ 6.867504283961108, 46.669323593455871, 820.129 ], [ 6.871708470869594, 46.673253174129229, 814.038 ], [ 6.864120092506767, 46.676771237452613, 708.16 ], [ 6.862687522763737, 46.680948812904994, 718.305 ], [ 6.865330704017467, 46.6812750552035, 750.902 ], [ 6.865688031555324, 46.683731928821146, 756.67 ], [ 6.868402591166066, 46.685728591105047, 758.265 ], [ 6.873121118711549, 46.683324563170878, 806.349 ], [ 6.881007829520271, 46.690055049247384, 782.454 ], [ 6.883691969416978, 46.69001173527213, 771.136 ], [ 6.887899018626735, 46.694326578050699, 790.303 ], [ 6.889594091115567, 46.693884341007035, 798.676 ], [ 6.894398704283932, 46.701241083401143, 785.946 ], [ 6.892308486594395, 46.702583125878043, 779.563 ], [ 6.894421662688957, 46.705555679617859, 774.925 ], [ 6.896573701155762, 46.706347926430183, 797.398 ], [ 6.899047950497124, 46.709635063532943, 800.208 ], [ 6.90451483451433, 46.714163196062046, 797.156 ], [ 6.907038347044555, 46.714841116455474, 796.901 ], [ 6.911386486529766, 46.717909206765135, 797.508 ], [ 6.915290094527324, 46.718610131533381, 789.486 ], [ 6.916476845363112, 46.720039669306381, 791.143 ], [ 6.917730014547566, 46.718712254578776, 786.429 ], [ 6.922484511813709, 46.723881246613807, 796.9 ], [ 6.930397709472877, 46.730175947806821, 773.303 ], [ 6.935590534587808, 46.733223485554191, 764.796 ], [ 6.936597305002943, 46.73441139623047, 762.929 ], [ 6.935009285568897, 46.735897134789987, 766.466 ], [ 6.940612012871242, 46.743712011738268, 737.018 ], [ 6.941104615566429, 46.745140877205756, 722.092 ], [ 6.939560701179397, 46.745712616694313, 713.821 ], [ 6.937963161800185, 46.749472239424897, 717.098 ], [ 6.934987284283471, 46.750517897553635, 671.326 ], [ 6.930876047851001, 46.754046348389835, 626.242 ], [ 6.920017665884106, 46.75130430100171, 554.777 ], [ 6.916679939798671, 46.754615843832539, 529.14 ], [ 6.91474931502034, 46.753269541731235, 521.314 ], [ 6.911812986678483, 46.75458993353454, 585.141 ], [ 6.910548208383716, 46.753263048511982, 587.114 ], [ 6.90897857553046, 46.75477362950425, 596.371 ], [ 6.910635909412326, 46.756031585081644, 600.018 ], [ 6.908241903312315, 46.757218073234093, 590.675 ], [ 6.90919396367681, 46.758762365114109, 582.946 ], [ 6.914431209410639, 46.762727550420294, 587.607 ], [ 6.916521266549822, 46.761987035266472, 594.738 ], [ 6.917434115034633, 46.762564228943823, 595.946 ], [ 6.918121528518046, 46.76172774234773, 608.63 ], [ 6.917078565875504, 46.761137625532392, 608.769 ], [ 6.920110759323234, 46.759859581954906, 597.461 ], [ 6.930943444894525, 46.7694770054066, 613.549 ], [ 6.935310573119152, 46.771539508478305, 631.033 ], [ 6.933989621110975, 46.772638445531221, 616.245 ], [ 6.933221605794703, 46.771986573778022, 612.604 ], [ 6.931245006251524, 46.772509908245055, 597.833 ], [ 6.933071164350288, 46.774697975515686, 593.622 ], [ 6.931541813247343, 46.775404884347438, 577.057 ], [ 6.937135431838431, 46.778623536812916, 594.444 ], [ 6.93810921276081, 46.781243738696837, 563.7 ], [ 6.939353033613795, 46.780831063948611, 561.563 ], [ 6.941813810078052, 46.783540041946281, 580.061 ], [ 6.945704234875724, 46.78454084180683, 532.359 ], [ 6.947571857914829, 46.783027734430476, 557.723 ], [ 6.950117778657884, 46.782777893610273, 573.898 ], [ 6.951542192793259, 46.785206406146465, 596.04 ], [ 6.957089606843524, 46.787593376505882, 590.091 ], [ 6.957204441004277, 46.789723147188155, 589.678 ], [ 6.958631480789321, 46.790306468349925, 592.661 ], [ 6.956442207004196, 46.790524656733794, 586.456 ], [ 6.95691040905468, 46.792555406724816, 591.242 ], [ 6.955993949789316, 46.793424527090579, 582.268 ], [ 6.962249790324932, 46.799214980398823, 630.174 ], [ 6.96595134594157, 46.801096393808017, 621.429 ], [ 6.965458223337577, 46.801778620062244, 622.126 ], [ 6.966662745259945, 46.802703780253125, 631.461 ], [ 6.963534744464216, 46.804417627572121, 629.069 ], [ 6.964689613152438, 46.80545280526767, 637.509 ], [ 6.958846701558619, 46.809863183322101, 511.54 ], [ 6.957786573416621, 46.811208048541097, 481.336 ], [ 6.95928432332042, 46.81222185742773, 480.758 ], [ 6.956508549158743, 46.814935829135045, 468.64 ], [ 6.960217939852123, 46.817758054616604, 467.258 ], [ 6.957850523371663, 46.818737620065811, 470.932 ], [ 6.961054403281687, 46.823923718433676, 463.773 ], [ 6.965144689533682, 46.82824081378341, 454.313 ], [ 6.968038839608462, 46.827011292064881, 457.55 ], [ 6.971013344377656, 46.824054817832312, 463.335 ], [ 6.972973812520141, 46.824674538249297, 464.997 ], [ 6.974822850574766, 46.823017827095939, 466.541 ], [ 6.984752621783289, 46.821933230075437, 483.056 ], [ 6.985394607836755, 46.823510051935834, 484.85 ], [ 6.989695222363602, 46.826405686240683, 492.391 ], [ 6.989680598927443, 46.828159807583731, 510.492 ], [ 6.99237106877985, 46.830398897660835, 514.231 ], [ 6.992362112153159, 46.833171929406433, 520.496 ], [ 6.986135404759431, 46.834724423652048, 498.894 ], [ 6.986985870337667, 46.837177427294755, 493.564 ], [ 6.983074770957572, 46.839825230591444, 488.398 ], [ 6.984358780207228, 46.841040866674817, 489.617 ], [ 6.985992353134561, 46.840068834658197, 487.251 ], [ 6.988453849659813, 46.842083726085214, 488.225 ], [ 6.987392851424739, 46.84278595731017, 495.451 ], [ 6.988660340575523, 46.843580669843355, 494.684 ], [ 6.987655302231099, 46.844419140007112, 478.446 ], [ 6.986926011631107, 46.844070628876466, 476.855 ], [ 6.98441537770879, 46.846717068387505, 454.238 ], [ 6.981475193530541, 46.845711273986815, 453.335 ], [ 6.979287932187926, 46.846956013598188, 456.798 ], [ 6.980444666051445, 46.848225343116319, 467.839 ], [ 6.97757506510513, 46.849870405695526, 442.471 ], [ 6.977808679874397, 46.851873633676568, 441.219 ], [ 6.979317697919447, 46.853269934872827, 441.742 ], [ 6.97781311657982, 46.854958233506146, 440.671 ], [ 6.980583969074234, 46.85801763327639, 439.443 ], [ 6.97694422833625, 46.860527354465511, 438.298 ], [ 6.979226490784553, 46.865767560870715, 438.217 ], [ 6.986480312417502, 46.870743137005576, 437.514 ], [ 6.985944590681179, 46.871059801823925, 437.322 ], [ 6.988895371726262, 46.873460030551804, 437.372 ], [ 6.980625106696847, 46.881822046170171, 437.077 ], [ 6.977739770826593, 46.88422375260113, 453.521 ], [ 6.97620840046596, 46.884201367197576, 460.916 ], [ 6.973753910306814, 46.887315861025577, 478.346 ], [ 6.970353152457062, 46.886466507371416, 478.387 ], [ 6.971078589228753, 46.885103974330008, 472.242 ], [ 6.963332291494313, 46.882806275347711, 465.283 ], [ 6.962132973536617, 46.884095121007789, 451.348 ], [ 6.958182974609989, 46.881536146396371, 469.711 ], [ 6.959688959909339, 46.879153815717991, 461.305 ], [ 6.959085617371348, 46.878661568116293, 453.439 ], [ 6.961161287096876, 46.877202608648112, 442.404 ], [ 6.962196701930984, 46.877328212896238, 441.428 ], [ 6.964929339105446, 46.87372704465357, 439.367 ], [ 6.964260140905468, 46.87321044421121, 439.039 ], [ 6.969437477797828, 46.867340056299852, 439.41 ], [ 6.96488349729591, 46.865391809317281, 439.979 ], [ 6.960229930856891, 46.871443434729422, 439.247 ], [ 6.957903582578819, 46.870782961422279, 439.536 ], [ 6.95395420696329, 46.875391216103608, 449.179 ], [ 6.951087234852117, 46.874811760071609, 458.825 ], [ 6.950536266004744, 46.87579945524574, 466.158 ], [ 6.952426918059641, 46.87602412740668, 462.209 ], [ 6.951689263708586, 46.877637210090739, 446.265 ], [ 6.948596068020979, 46.878973589444797, 471.497 ], [ 6.945719394180679, 46.883048492594789, 475.846 ], [ 6.941894080883161, 46.884129549777249, 472.371 ], [ 6.941459538838822, 46.886085507707776, 468.217 ], [ 6.939088066146108, 46.887169999190618, 471.97 ], [ 6.939581229316584, 46.887901490521728, 476.984 ], [ 6.938365656033199, 46.889968245365289, 484.996 ], [ 6.936008680235643, 46.888788445840355, 479.766 ], [ 6.933132429880182, 46.892543863837446, 468.667 ], [ 6.931426944597198, 46.892382223955856, 464.371 ], [ 6.929276121617691, 46.893337219027615, 458.136 ], [ 6.925877462682619, 46.89266025195495, 449.149 ], [ 6.924438317791027, 46.893420280761909, 446.701 ], [ 6.923727458592571, 46.895329904703409, 443.416 ], [ 6.92901004916668, 46.897913755379577, 437.825 ], [ 6.930320462416604, 46.899526866156222, 436.238 ], [ 6.926767360509768, 46.901056587233008, 431.004 ], [ 6.896230270678378, 46.925486179846956, 429.25 ], [ 6.928196307678074, 46.953397918309179, 429.258 ], [ 6.964900904915974, 46.924389232265476, 433.947 ], [ 6.969187817636776, 46.923262784809694, 475.658 ], [ 6.971532910534094, 46.921191476436718, 491.217 ], [ 6.973327164152138, 46.921855680632625, 496.113 ], [ 6.974217772694597, 46.921123748948787, 514.439 ], [ 6.978108447189778, 46.923406149274193, 510.891 ], [ 6.986651969855376, 46.919618925848233, 513.048 ], [ 6.987492028063083, 46.918173318513098, 512.197 ], [ 6.981767489747035, 46.913585437590086, 504.825 ], [ 6.984466900395306, 46.911984326648074, 513.883 ], [ 6.981165172928542, 46.909421085622874, 502.644 ], [ 6.984677459452187, 46.907228417610447, 492.077 ], [ 6.987921486886172, 46.903801646162378, 472.54 ], [ 7.009505094769329, 46.88903863397681, 435.356 ], [ 6.999901805860288, 46.881878821454116, 435.298 ], [ 6.99934853887056, 46.882265897348539, 435.313 ], [ 6.993799331069059, 46.87896667417921, 436.68 ], [ 6.999333124025354, 46.874329727390403, 436.159 ], [ 7.008418345249929, 46.873154583387084, 435.477 ], [ 7.00974755209067, 46.875296567124394, 434.467 ], [ 7.011706205018403, 46.87520819371619, 434.464 ], [ 7.011834767318193, 46.87631680203485, 434.205 ], [ 7.014026771859347, 46.877501086999651, 434.077 ], [ 7.015288103328612, 46.876814135453841, 434.307 ], [ 7.016195377206432, 46.880777556508313, 433.473 ], [ 7.021286855305379, 46.876684388283962, 437.165 ], [ 7.025182274602426, 46.877795158803629, 439.831 ], [ 7.02554281214662, 46.876639692026146, 441.076 ], [ 7.028450049849566, 46.875718322164332, 442.07 ], [ 7.0304317125511, 46.875282731149085, 442.731 ], [ 7.032183071763754, 46.875855119995776, 443.174 ], [ 7.035686240444747, 46.873338655126247, 451.91 ], [ 7.029894145089131, 46.866173434582947, 472.785 ], [ 7.036225836571005, 46.861834760735604, 532.71 ], [ 7.039665373316793, 46.860605004403475, 588.41 ], [ 7.038602311627725, 46.858983264903458, 590.053 ], [ 7.033920758047642, 46.857590332566211, 524.974 ], [ 7.034096478381355, 46.85532044590817, 519.696 ], [ 7.029707908073376, 46.85268062106649, 542.23 ], [ 7.029119287785527, 46.850868156170073, 573.738 ], [ 7.031888984174362, 46.847806282796554, 625.824 ], [ 7.033193161137143, 46.848735657858683, 617.996 ], [ 7.037453040771881, 46.845535909646649, 612.936 ], [ 7.039586400833669, 46.848301629892397, 600.542 ], [ 7.043043465977534, 46.846928367861601, 578.316 ], [ 7.045407681587635, 46.849003561677797, 571.247 ], [ 7.045028472157755, 46.849556281738401, 571.633 ], [ 7.049076969580541, 46.854870621402718, 508.996 ], [ 7.050312420117237, 46.85454753635883, 502.727 ], [ 7.050952376666116, 46.855434359799823, 502.084 ], [ 7.053194039430331, 46.855606432141727, 499.98 ], [ 7.058968088472751, 46.863133788229639, 490.401 ], [ 7.061821900413248, 46.865240451566031, 487.135 ], [ 7.062614632882586, 46.867140629726698, 485.769 ], [ 7.066476958838689, 46.868246960534641, 483.012 ], [ 7.066955588368319, 46.870014775603906, 480.857 ], [ 7.070327130137168, 46.871742097984907, 478.56 ], [ 7.070932273226822, 46.87368837708712, 481.023 ], [ 7.069203885835153, 46.876446316301582, 479.36 ], [ 7.067216944825003, 46.877438302537101, 511.339 ], [ 7.067291854528657, 46.880940102825754, 497.601 ], [ 7.061673220932925, 46.879620834732329, 514.268 ], [ 7.061961434277306, 46.883771805673852, 518.753 ], [ 7.064800121302441, 46.885780859073087, 509.68 ], [ 7.064256944724711, 46.8871011898731, 508.259 ], [ 7.068477865034768, 46.887944558119081, 485.352 ], [ 7.068356945743913, 46.887159598801205, 485.473 ], [ 7.072074846907087, 46.888722037156221, 475.189 ], [ 7.070904186308644, 46.889761164462627, 474.714 ], [ 7.079832934714458, 46.894123179515695, 453.97 ], [ 7.079112757179595, 46.894735186559316, 454.069 ], [ 7.074893415400673, 46.893934969308383, 454.676 ], [ 7.074381750240111, 46.895290508365633, 443.773 ], [ 7.084683902195594, 46.896283967097801, 449.107 ], [ 7.087094474915592, 46.897097026622369, 450.215 ], [ 7.086811250637298, 46.898962996107478, 466.375 ], [ 7.088840062379968, 46.899719716267327, 465.971 ], [ 7.086233543597978, 46.90192013643771, 450.523 ], [ 7.090721807422501, 46.903693292424265, 453.357 ], [ 7.090797965304053, 46.904484700873425, 457.465 ], [ 7.093409282828644, 46.90579121620771, 456.334 ], [ 7.092106420403424, 46.90752527103411, 454.702 ], [ 7.090894178546589, 46.907209894848499, 456.081 ], [ 7.086735773790512, 46.910328101394256, 448.274 ], [ 7.057879491941576, 46.938610171622535, 438.988 ], [ 7.061065308789992, 46.941795251067091, 475.413 ], [ 7.06138326514258, 46.9439965154655, 484.446 ], [ 7.058736047153726, 46.953800565982974, 487.88 ], [ 7.056456321072962, 46.955224459176648, 486.958 ], [ 7.059613754239463, 46.955814204581984, 491.119 ], [ 7.057414326370825, 46.95956315808845, 458.814 ], [ 7.059127431264586, 46.960123681866058, 461.523 ], [ 7.057548866752685, 46.962144865478855, 439.296 ], [ 7.059636472095403, 46.96308525783931, 440.224 ], [ 7.057903852140039, 46.965410219730749, 432.09 ], [ 7.061297378023578, 46.966766539445693, 434.09 ], [ 7.060235366285083, 46.968737384684033, 432.006 ], [ 7.063044429461938, 46.971108732904668, 429.143 ], [ 7.060270848018979, 46.973242068199909, 429.139 ], [ 7.052138985435533, 46.977128518640221, 429.327 ], [ 7.040163360444474, 46.979844951892865, 430.548 ] ], [ [ 7.11768375614899, 46.905060500416226, 517.592 ], [ 7.119693327557331, 46.900549967353122, 569.673 ], [ 7.123040887497704, 46.900196769319784, 616.78 ], [ 7.123905542364523, 46.901292395273067, 613.01 ], [ 7.123278086878439, 46.901750564011188, 605.063 ], [ 7.127257510112345, 46.904458820418817, 584.247 ], [ 7.132792135622915, 46.906471727821469, 585.962 ], [ 7.132711435266557, 46.907007953077397, 574.115 ], [ 7.138443056294886, 46.907543306256365, 553.063 ], [ 7.135483993326099, 46.911964428324247, 532.31 ], [ 7.136044342090193, 46.915308489727451, 544.076 ], [ 7.134663179468728, 46.919394335688906, 535.539 ], [ 7.131943083877935, 46.919307863751612, 507.952 ], [ 7.126671771247101, 46.917385132609404, 482.34 ], [ 7.126852769609736, 46.918875129613305, 475.304 ], [ 7.125280851326139, 46.918966189532249, 469.125 ], [ 7.114853102449134, 46.915836474252401, 475.727 ], [ 7.113232576375009, 46.910554946009611, 472.329 ], [ 7.119154522177555, 46.905622716528491, 515.766 ], [ 7.11768375614899, 46.905060500416226, 517.592 ] ] ], [ [ [ 6.865690140811739, 46.909575151762688, 429.25 ], [ 6.896419181619553, 46.883038687434968, 456.851 ], [ 6.897303076519336, 46.883937285123928, 453.454 ], [ 6.898361880484303, 46.882837026591538, 456.375 ], [ 6.899222547091704, 46.883386735937634, 455.378 ], [ 6.903659132820446, 46.879428280335667, 488.136 ], [ 6.905333712089435, 46.880333650195823, 486.726 ], [ 6.906955213100268, 46.878622617777481, 482.833 ], [ 6.910797428685, 46.880625177205758, 476.559 ], [ 6.921005659202224, 46.871330981358305, 483.736 ], [ 6.911764883155761, 46.867149416727337, 495.614 ], [ 6.909527298163606, 46.869510852551613, 496.795 ], [ 6.905283157028178, 46.868564354032273, 507.056 ], [ 6.900757030936426, 46.866370864133195, 496.196 ], [ 6.898466709840245, 46.867043199454699, 491.456 ], [ 6.896568195730533, 46.865908057737599, 490.445 ], [ 6.891870511669688, 46.864958333292485, 486.509 ], [ 6.894350496975782, 46.86216893391191, 498.458 ], [ 6.895875428881078, 46.862748203768128, 494.387 ], [ 6.896464598144536, 46.861231825013775, 499.935 ], [ 6.912870613576539, 46.865935617916321, 495.835 ], [ 6.915680301903802, 46.863043036670639, 491.633 ], [ 6.917777304357234, 46.863196249775754, 486.455 ], [ 6.919933130017655, 46.860437684565738, 469.477 ], [ 6.921484639210761, 46.860768448032879, 465.875 ], [ 6.922430341446757, 46.859043155857115, 459.754 ], [ 6.92415616097999, 46.859464456114935, 457.363 ], [ 6.927148622738999, 46.854541313496412, 444.217 ], [ 6.928848466014715, 46.854941549191501, 444.533 ], [ 6.930624913082318, 46.853242541421402, 442.962 ], [ 6.920403833230226, 46.848076364934386, 444.602 ], [ 6.910170138735405, 46.838766157043686, 445.678 ], [ 6.907399376784168, 46.834194578057456, 444.557 ], [ 6.906967533226181, 46.828568657290845, 446.227 ], [ 6.905981811613767, 46.82768782827867, 451.363 ], [ 6.906725043966214, 46.827388614393776, 446.732 ], [ 6.905428767929204, 46.826983715173952, 446.241 ], [ 6.904881871898107, 46.824975210255232, 445.592 ], [ 6.907675194433242, 46.819899809360628, 459.716 ], [ 6.909321532746265, 46.818933788280376, 474.69 ], [ 6.907573562814717, 46.81764048174454, 477.209 ], [ 6.909613369337377, 46.817434583299637, 470.665 ], [ 6.90850498432583, 46.816243387699167, 472.229 ], [ 6.910850709827566, 46.812529838553687, 477.04 ], [ 6.904885997622953, 46.805610122626646, 474.732 ], [ 6.91134498630475, 46.803133612111957, 467.884 ], [ 6.915803165519101, 46.806656334807634, 470.655 ], [ 6.914799195084018, 46.807411651088302, 461.496 ], [ 6.919997710149898, 46.810569819702067, 454.975 ], [ 6.922471163957224, 46.808690701356625, 453.249 ], [ 6.927420579399858, 46.809055170290542, 445.796 ], [ 6.928153379312787, 46.807538951747688, 446.167 ], [ 6.931166629943362, 46.806090611728109, 446.988 ], [ 6.931521992182089, 46.804618073008633, 447.479 ], [ 6.930518005034836, 46.803018453970594, 447.572 ], [ 6.927255454322949, 46.80126815745794, 448.258 ], [ 6.92608837815182, 46.79855668699485, 449.068 ], [ 6.921121854667577, 46.796807818894045, 450.133 ], [ 6.92083071805747, 46.794783795267563, 450.452 ], [ 6.916537503536169, 46.788678789824175, 452.415 ], [ 6.917110333829688, 46.78471124436453, 453.755 ], [ 6.912642342927207, 46.781803575729768, 455.061 ], [ 6.910993814073899, 46.779709737080033, 455.447 ], [ 6.908235907520431, 46.782016478438209, 474.643 ], [ 6.909712447775464, 46.783545018047278, 458.989 ], [ 6.907341624648789, 46.7838197148318, 461.345 ], [ 6.905049995266144, 46.781545109675321, 469.506 ], [ 6.899121710873128, 46.781593275495425, 469.199 ], [ 6.899826715311049, 46.780059002645409, 479.117 ], [ 6.895018283692676, 46.779104350634249, 485.771 ], [ 6.894202897856986, 46.777295519405371, 474.534 ], [ 6.888130175079899, 46.778271564719951, 487.496 ], [ 6.879547667269558, 46.775300248800121, 512.061 ], [ 6.879554513076266, 46.776338098809937, 507.026 ], [ 6.877236565264924, 46.775919054844849, 511.191 ], [ 6.87262941082261, 46.778736289691629, 551.664 ], [ 6.871804562307598, 46.778142993631711, 556.39 ], [ 6.869334295872538, 46.779626294061686, 565.325 ], [ 6.863797056300043, 46.781121154636054, 637.481 ], [ 6.861886460366507, 46.783169775276846, 595.855 ], [ 6.86388795583694, 46.784406656211715, 578.833 ], [ 6.863798137616426, 46.785284704950051, 606.98 ], [ 6.85909218816629, 46.788003153474463, 695.56 ], [ 6.852572744518745, 46.785270430595148, 674.78 ], [ 6.851599210111977, 46.785876406783416, 688.258 ], [ 6.849224316430703, 46.784051564297386, 707.294 ], [ 6.850788452079263, 46.783170612069242, 704.1 ], [ 6.850487428963554, 46.782351171074041, 689.41 ], [ 6.848520257947689, 46.780913871968757, 714.154 ], [ 6.847191604088495, 46.781223181302224, 717.322 ], [ 6.844112002226433, 46.778862548740072, 739.735 ], [ 6.843208349845527, 46.778718397682084, 741.06 ], [ 6.839493947564216, 46.780956738580237, 689.583 ], [ 6.837918713931034, 46.778048080438147, 689.973 ], [ 6.83551180452346, 46.776879798566895, 683.821 ], [ 6.836329272205336, 46.776097102796321, 695.538 ], [ 6.833080460203788, 46.774541004584712, 710.212 ], [ 6.828064398619158, 46.776627361158418, 646.393 ], [ 6.825395681797877, 46.772838675890988, 651.646 ], [ 6.823306522362671, 46.77519049078802, 616.497 ], [ 6.818660505690144, 46.778140126978215, 578.587 ], [ 6.81749343659957, 46.778490109151299, 582.428 ], [ 6.816683264290765, 46.777755889187588, 588.557 ], [ 6.814273842941627, 46.778610908688314, 607.84 ], [ 6.813031670117437, 46.778333335353047, 611.675 ], [ 6.812421880264373, 46.778929200674185, 625.393 ], [ 6.81344158469239, 46.780269295028226, 639.346 ], [ 6.809219281935666, 46.783730558404734, 677.768 ], [ 6.804653682131557, 46.785644209732396, 677.441 ], [ 6.801070198700306, 46.78383026235224, 678.4 ], [ 6.799851567996241, 46.784557080631167, 669.649 ], [ 6.79793685946855, 46.782876813219723, 675.056 ], [ 6.785370961427174, 46.791073845681886, 677.121 ], [ 6.783011814099517, 46.793385915895598, 682.039 ], [ 6.781317990864894, 46.792249342344554, 686.583 ], [ 6.780782015441265, 46.792621812199201, 687.186 ], [ 6.777129877880692, 46.78911091845238, 694.398 ], [ 6.775983581390249, 46.789751797217228, 687.857 ], [ 6.778580009659589, 46.793888899979692, 677.4 ], [ 6.786677750133003, 46.798395824142389, 661.636 ], [ 6.786134209763011, 46.798716099814676, 657.966 ], [ 6.787278530795716, 46.79960399566383, 653.814 ], [ 6.783525147627285, 46.802827923455759, 632.259 ], [ 6.77881011278401, 46.800572587043753, 620.098 ], [ 6.74186912977201, 46.8278756938819, 429.25 ], [ 6.865690140811739, 46.909575151762688, 429.25 ] ] ], [ [ [ 6.806212409376172, 46.726935549945601, 734.209 ], [ 6.804491480037787, 46.727407453964602, 721.818 ], [ 6.801841881219819, 46.726194149786423, 715.952 ], [ 6.79980625863882, 46.726815313384591, 694.419 ], [ 6.799032806913903, 46.726192861792981, 687.705 ], [ 6.792979738424282, 46.725558378982171, 686.276 ], [ 6.791218401306687, 46.727107833186636, 712.076 ], [ 6.788461233963034, 46.727961164081592, 748.253 ], [ 6.787910512475655, 46.729362853537538, 763.476 ], [ 6.791062130424701, 46.730984764960596, 753.005 ], [ 6.790488846779406, 46.731319800580053, 768.289 ], [ 6.791715971208176, 46.732404912020115, 767.217 ], [ 6.79093169892919, 46.732727541133812, 777.313 ], [ 6.792795931180245, 46.733816898435229, 760.484 ], [ 6.793511711619443, 46.735741104877164, 740.585 ], [ 6.795000053137358, 46.734986953597073, 720.633 ], [ 6.795579928065719, 46.736325541495589, 721.51 ], [ 6.796646504904039, 46.736341633339819, 712.46 ], [ 6.797123381132796, 46.734476627661827, 689.435 ], [ 6.798112650249665, 46.734060565335938, 685.212 ], [ 6.804008727791165, 46.736865552571679, 665.587 ], [ 6.805947263800843, 46.73539491515514, 632.923 ], [ 6.810497885875229, 46.737444211606849, 620.256 ], [ 6.815330761264144, 46.737574551605427, 610.788 ], [ 6.816392126042903, 46.738492136093974, 606.967 ], [ 6.815116975782789, 46.740633378393561, 659.014 ], [ 6.821054028565876, 46.7444357125568, 652.371 ], [ 6.822227509571666, 46.747121213838575, 666.928 ], [ 6.824337788699397, 46.747398068731208, 655.542 ], [ 6.823616858625823, 46.748091071007096, 677.291 ], [ 6.827255258862913, 46.750604700167521, 658.973 ], [ 6.826465545962611, 46.752253025007306, 622.68 ], [ 6.828557901837819, 46.751825171339327, 620.033 ], [ 6.830427167024058, 46.753820553888907, 607.208 ], [ 6.828217377713993, 46.754476387334591, 623.432 ], [ 6.829321883426045, 46.756071703871456, 653.111 ], [ 6.845472009436092, 46.765856510601594, 642.016 ], [ 6.84360450862245, 46.766560555980696, 665.99 ], [ 6.848815716604573, 46.771123898309334, 644.131 ], [ 6.845640620619879, 46.771702127623598, 683.325 ], [ 6.847624735224839, 46.774935600916557, 675.945 ], [ 6.848783075172564, 46.774943029602447, 654.461 ], [ 6.847639480555207, 46.773215982690289, 663.238 ], [ 6.848934302540655, 46.77310551999274, 646.141 ], [ 6.850406438920825, 46.773131551179794, 635.378 ], [ 6.853069074399492, 46.774715405823237, 634.788 ], [ 6.85157045122074, 46.772274113513063, 625.667 ], [ 6.85442258619569, 46.772024983812912, 614.533 ], [ 6.85621277837084, 46.770570396848839, 583.923 ], [ 6.857024571244263, 46.767925225791103, 553.514 ], [ 6.860173989068, 46.766398744300389, 530.511 ], [ 6.859593154749172, 46.763767799240931, 526.265 ], [ 6.857676790181626, 46.762747368807432, 524.549 ], [ 6.858831139099701, 46.761460201919824, 512.697 ], [ 6.860642169685375, 46.762926127571561, 508.178 ], [ 6.862333103016997, 46.762654174266352, 506.24 ], [ 6.863021451787333, 46.76361965077124, 504.591 ], [ 6.865391040705739, 46.762567105785337, 536.807 ], [ 6.869301144753739, 46.758688968915727, 620.429 ], [ 6.874499280949874, 46.757307452527598, 518.018 ], [ 6.876992575862365, 46.755879572663737, 483.231 ], [ 6.875634019020143, 46.75389457398493, 479.133 ], [ 6.880097878837936, 46.751824540382216, 468.911 ], [ 6.882090156173891, 46.749805323139974, 466.072 ], [ 6.866161490140448, 46.733019748629836, 470.92 ], [ 6.865518875560175, 46.731674611428396, 478.673 ], [ 6.866846981555748, 46.730870788559486, 485.101 ], [ 6.865407178683101, 46.729327990693079, 482.056 ], [ 6.867925199880897, 46.728419530526416, 489.639 ], [ 6.867173681284278, 46.727125625121381, 492.729 ], [ 6.864526590059457, 46.72520684335602, 485.742 ], [ 6.862709900253834, 46.725786748273578, 481.021 ], [ 6.86186708990026, 46.724585782518751, 481.193 ], [ 6.847230772715062, 46.72789694891275, 644.956 ], [ 6.84632997434143, 46.727477571742398, 643.479 ], [ 6.837869788685745, 46.732803243963076, 661.315 ], [ 6.8351772722427, 46.733350111007454, 657.24 ], [ 6.832562621956366, 46.735019807305456, 659.326 ], [ 6.830281515746783, 46.734678545094489, 673.822 ], [ 6.828389957708715, 46.735503351983724, 677.798 ], [ 6.827271587941734, 46.734750274466805, 672.837 ], [ 6.817484063820098, 46.733286945971315, 709.521 ], [ 6.811281707580552, 46.727898036812107, 762.275 ], [ 6.806212409376172, 46.726935549945601, 734.209 ] ] ], [ [ [ 6.773010442473131, 46.751366036568633, 680.292 ], [ 6.776106449698311, 46.749397608955029, 684.357 ], [ 6.778801401499577, 46.751211945514768, 687.616 ], [ 6.786263270996304, 46.747610657149274, 668.596 ], [ 6.784175657028356, 46.745828047902201, 674.911 ], [ 6.784922709819563, 46.745798397885544, 677.41 ], [ 6.784513327818964, 46.737638734435286, 734.125 ], [ 6.783315361998823, 46.735958772083542, 745.307 ], [ 6.784446588133508, 46.735426233639934, 750.051 ], [ 6.782086226583911, 46.732466106743907, 766.747 ], [ 6.777559670272221, 46.729774561025842, 780.452 ], [ 6.776294813586627, 46.726682461246362, 791.258 ], [ 6.777396058799153, 46.726118260884206, 793.849 ], [ 6.770663251836567, 46.720658385137, 798.688 ], [ 6.76240814823892, 46.717374201356712, 802.26 ], [ 6.760718765481918, 46.720392130465235, 799.929 ], [ 6.758553856838195, 46.721977028312786, 770.574 ], [ 6.760259386058811, 46.723098132079279, 775.372 ], [ 6.758792133838069, 46.725476215984315, 814.886 ], [ 6.751729574570038, 46.728227981623043, 802.634 ], [ 6.748699703191193, 46.731804915826849, 757.509 ], [ 6.752651181659133, 46.736563232025901, 715.982 ], [ 6.759045879646802, 46.737474248997536, 731.658 ], [ 6.75959286885786, 46.739055786328635, 732.106 ], [ 6.768270764488742, 46.744486576413152, 706.792 ], [ 6.773010442473131, 46.751366036568633, 680.292 ] ] ], [ [ [ 7.23477345908349, 46.938276089661954, 515.461 ], [ 7.234200470936369, 46.929389747908928, 477.938 ], [ 7.230803861682491, 46.929503895728857, 479.15 ], [ 7.228464322545475, 46.927740549267746, 523.367 ], [ 7.225551691258179, 46.926763635732343, 526.179 ], [ 7.225500654237308, 46.927244416060475, 522.04 ], [ 7.218541474144614, 46.924343002773497, 526.58 ], [ 7.215366467915412, 46.930749480237338, 518.475 ], [ 7.216816745512996, 46.931875915877846, 515.846 ], [ 7.218305083667559, 46.931428852391221, 516.583 ], [ 7.217451994153198, 46.933104396871173, 512.346 ], [ 7.22555060808579, 46.936330260869958, 510.119 ], [ 7.226120131949852, 46.935575968213691, 510.738 ], [ 7.229384267098265, 46.936897113277375, 520.841 ], [ 7.228200919093453, 46.93881228474001, 523.223 ], [ 7.230205586567582, 46.939952490441925, 533.342 ], [ 7.230939350464339, 46.939152169092544, 543.003 ], [ 7.23477345908349, 46.938276089661954, 515.461 ] ] ], [ [ [ 6.971211761916465, 46.826034689202167, 466.645 ], [ 6.970761549273472, 46.827142106308088, 471.773 ], [ 6.970960099277673, 46.827383830680198, 476.648 ], [ 6.971997607598249, 46.826582928848822, 468.309 ], [ 6.971211761916465, 46.826034689202167, 466.645 ] ] ] ] } },
{ "type": "Feature", "properties": { "NAME": "Jura", "KANTONSNUM": 26, "EINWOHNERZ": 82096, "ICC": "CH" }, "geometry": { "type": "Polygon", "coordinates": [ [ [ 7.552206431496927, 47.345312781753975, 1072.869999999999891 ], [ 7.549850692647389, 47.342723138516774, 994.408 ], [ 7.549961951734218, 47.340861179599074, 1024.289 ], [ 7.545278369086665, 47.339595075943421, 977.876 ], [ 7.534475934244397, 47.334549451850883, 798.299 ], [ 7.533488062829014, 47.331260404461915, 755.234 ], [ 7.527758139618584, 47.322676420033361, 1152.0 ], [ 7.532037111125461, 47.321040538007146, 1190.283 ], [ 7.547616272567687, 47.321579294830379, 1144.943 ], [ 7.554164425203949, 47.323253673621942, 1124.98 ], [ 7.558346056660079, 47.322365439601434, 1141.232 ], [ 7.550639111869563, 47.319853552272832, 1060.916 ], [ 7.529968434076871, 47.31631465808092, 1014.205 ], [ 7.523459706657949, 47.314244118028384, 1033.628 ], [ 7.509929384125586, 47.307313449301446, 987.163 ], [ 7.500128838786946, 47.304169035767742, 790.375 ], [ 7.497426560603182, 47.302314113566489, 668.09 ], [ 7.494175276578686, 47.302783050438805, 833.531 ], [ 7.486374115126693, 47.302134163918964, 1068.902 ], [ 7.477994925183103, 47.305194123681716, 1115.201 ], [ 7.477823376315922, 47.306240685504086, 1121.565 ], [ 7.476043388686567, 47.307070734016193, 1142.699 ], [ 7.467474780760687, 47.307348100913387, 1214.932 ], [ 7.459520750288946, 47.306640089099716, 1212.977 ], [ 7.441767793238242, 47.308665411001471, 1240.071999999999889 ], [ 7.429879585800195, 47.307284837244332, 1290.342 ], [ 7.425907326617098, 47.307773313086408, 1268.098 ], [ 7.421345689000875, 47.30683269559426, 1249.086 ], [ 7.419104237092075, 47.308922682681988, 1135.359 ], [ 7.413005179695968, 47.309983131807925, 1053.684 ], [ 7.41171771883388, 47.31331098983599, 924.188 ], [ 7.405844535037272, 47.312632146976121, 872.098 ], [ 7.393372920400818, 47.313504890764555, 642.619 ], [ 7.390539227988974, 47.313095636583178, 487.307 ], [ 7.380384338175491, 47.314028214093476, 615.839 ], [ 7.378641373074321, 47.31497567946866, 708.259 ], [ 7.36514797681867, 47.309303811164796, 1001.643 ], [ 7.348208752555962, 47.305677765690213, 1116.133 ], [ 7.350289226988074, 47.299629735840163, 1121.408 ], [ 7.348223722551201, 47.298446858964347, 1135.732 ], [ 7.34223448434754, 47.297485539076789, 1143.071 ], [ 7.342296887534657, 47.296105875286202, 1098.242 ], [ 7.34125185978633, 47.295556576818569, 1096.189 ], [ 7.342576718137778, 47.293529960000413, 1106.003 ], [ 7.346221004318807, 47.294707900350204, 1103.607 ], [ 7.345987256539297, 47.293595552317527, 1102.208 ], [ 7.348065721344923, 47.29231172084053, 1098.069 ], [ 7.35615686287285, 47.294319109397435, 1023.527 ], [ 7.357121558434014, 47.292777819642495, 1075.199 ], [ 7.360067106261573, 47.292958506954925, 1054.958 ], [ 7.374396527800195, 47.294551868044103, 825.732 ], [ 7.376130482849141, 47.295635128632462, 643.533 ], [ 7.37908813826524, 47.295297947529718, 498.542 ], [ 7.381177536969411, 47.295872554443889, 608.639 ], [ 7.38208786746134, 47.295267692860108, 731.985 ], [ 7.39588831948, 47.298180682285093, 981.734 ], [ 7.39692675549317, 47.297673308695977, 905.806 ], [ 7.389752090503859, 47.291981113089562, 954.05 ], [ 7.389799250213591, 47.289394007575936, 920.169 ], [ 7.39240233708504, 47.285988138216524, 727.033 ], [ 7.392584295910915, 47.278404088647378, 537.163 ], [ 7.389370151310601, 47.274813196583089, 559.166 ], [ 7.39355954005066, 47.267096164791226, 684.622 ], [ 7.392459167539191, 47.257067266756628, 1210.321999999999889 ], [ 7.390303740764418, 47.255223826850177, 1248.989 ], [ 7.389086680295703, 47.255992695713203, 1253.077 ], [ 7.38555097268213, 47.256301038302276, 1270.315 ], [ 7.374857187362283, 47.256274695366081, 1200.276 ], [ 7.37075682928645, 47.257043454993884, 1187.7 ], [ 7.36872421225087, 47.258535290303989, 1176.065 ], [ 7.365073705599243, 47.257614910617043, 1174.215999999999894 ], [ 7.364007346337431, 47.256141372822363, 1171.617 ], [ 7.356491590665666, 47.253801778234632, 1123.732 ], [ 7.345354801613038, 47.247759544154043, 649.003 ], [ 7.340568250601651, 47.25503251061685, 762.461 ], [ 7.338407893484309, 47.255244008660746, 878.169 ], [ 7.337491245388121, 47.258509407285864, 1006.785 ], [ 7.34120232333037, 47.26130889319704, 918.484 ], [ 7.3414635843464, 47.262864016779659, 846.569 ], [ 7.337392147460759, 47.262498132495672, 856.866 ], [ 7.336645459236194, 47.268006934870584, 729.232 ], [ 7.342727072277622, 47.270083860053376, 691.708 ], [ 7.353889413088733, 47.27110762502079, 579.671 ], [ 7.354017658876019, 47.272665612177619, 551.673 ], [ 7.35282299846867, 47.273079511343269, 556.881 ], [ 7.350333222387675, 47.278084307454037, 623.399 ], [ 7.348571074364371, 47.278078777472921, 643.04 ], [ 7.347017042602178, 47.281204406610911, 712.425 ], [ 7.339228862013819, 47.282268752379764, 873.717 ], [ 7.335455661819087, 47.288278763586383, 1066.366 ], [ 7.329936897505079, 47.287303347768493, 1080.28 ], [ 7.329175867994419, 47.288883767540824, 1100.189 ], [ 7.325211229567631, 47.287667345517555, 1109.654 ], [ 7.318782046877439, 47.28701387845075, 1135.348 ], [ 7.318915516591644, 47.28819577269109, 1150.746 ], [ 7.310730394483615, 47.288468065562604, 1135.0150000000001 ], [ 7.302022885885557, 47.287796582049999, 1147.335 ], [ 7.292086316060849, 47.285708334388701, 1117.771 ], [ 7.286182198718903, 47.285897230157971, 1091.357 ], [ 7.286018440527035, 47.285187903761035, 1095.492 ], [ 7.27779027035683, 47.28416928901003, 1116.395 ], [ 7.260979216860978, 47.287233121110205, 1048.94 ], [ 7.258307671088219, 47.286786248851797, 1052.686 ], [ 7.25826424862064, 47.285599054360148, 1037.946999999999889 ], [ 7.242584356752969, 47.285221490822117, 994.776 ], [ 7.232280581669065, 47.28819720073642, 943.301 ], [ 7.223454331586126, 47.288143474563221, 600.849 ], [ 7.214875730915848, 47.289975455114359, 975.766 ], [ 7.21018698366388, 47.288838679433475, 1010.83 ], [ 7.206210702220941, 47.291987780530889, 971.242 ], [ 7.20917936640021, 47.294708854990731, 925.723 ], [ 7.205998955858634, 47.295470252175988, 933.867 ], [ 7.194565282409476, 47.295815163934876, 917.32 ], [ 7.187771288570784, 47.294793075375438, 942.06 ], [ 7.185378078023976, 47.295226412819545, 947.906 ], [ 7.174635632343738, 47.294075536833326, 957.577 ], [ 7.168641238160371, 47.294666481009507, 959.837 ], [ 7.163788237503449, 47.294057870184538, 974.311 ], [ 7.163387693761108, 47.293087156895304, 974.364 ], [ 7.169356802981088, 47.290854941452224, 1006.945 ], [ 7.164685557966948, 47.28859920271352, 1030.893 ], [ 7.165207383203453, 47.286356893027204, 1031.619999999999891 ], [ 7.16901622854432, 47.28599309364224, 1028.413 ], [ 7.170238054483286, 47.28395072762612, 1010.577 ], [ 7.170234360007982, 47.283101211059822, 1012.116 ], [ 7.169165544876938, 47.283609399161506, 1008.262 ], [ 7.168490853295156, 47.283175192813594, 1004.081 ], [ 7.167885896934395, 47.281352061209184, 987.375 ], [ 7.168678292742998, 47.274727751627807, 1043.003 ], [ 7.148737005955792, 47.269041393266782, 1040.337 ], [ 7.145665229560636, 47.265321717440614, 1060.435 ], [ 7.147265009718464, 47.262631326254045, 1050.688000000000102 ], [ 7.149017223898555, 47.263216010436757, 1045.253 ], [ 7.148970434295699, 47.262192050873345, 1030.848 ], [ 7.146205580594538, 47.259876121770731, 981.945 ], [ 7.143105288739825, 47.259482717938269, 983.633 ], [ 7.14276932644333, 47.255747981209218, 1045.686 ], [ 7.148241158838509, 47.256247043889744, 1043.604 ], [ 7.151469681573681, 47.255510770204879, 1036.777 ], [ 7.15163503501794, 47.254609403868315, 1052.637 ], [ 7.149204570676122, 47.253857469895721, 1071.694 ], [ 7.153243457023043, 47.250988277388025, 1076.706 ], [ 7.155787265898823, 47.247545806238413, 1121.188000000000102 ], [ 7.15355565351403, 47.247658025412541, 1128.619999999999891 ], [ 7.147086094392039, 47.245342715474109, 1144.17 ], [ 7.140217516201241, 47.244183264938009, 1163.503 ], [ 7.139759802107221, 47.243184936710882, 1171.97 ], [ 7.128984844305243, 47.245016713867805, 1146.107 ], [ 7.11961277333266, 47.244017509777471, 1099.723 ], [ 7.11148066430623, 47.241899572226792, 1096.701 ], [ 7.103360811682124, 47.243109975342058, 1031.196999999999889 ], [ 7.097260857279898, 47.239545464985973, 1022.887 ], [ 7.096217129689101, 47.237033961846606, 1023.466 ], [ 7.088406881570341, 47.23701587475248, 1009.467 ], [ 7.085722987047847, 47.239974979170832, 1008.869 ], [ 7.088819100192795, 47.241573430622132, 1013.928 ], [ 7.08710718085765, 47.242407955895757, 1018.209 ], [ 7.087221050115147, 47.243474266429978, 1026.316 ], [ 7.085182775756932, 47.245380332243698, 1019.829 ], [ 7.081842658179279, 47.24341727169616, 1009.32 ], [ 7.07959597511761, 47.24340899856503, 1001.363 ], [ 7.079524587868568, 47.247764470109161, 1007.224 ], [ 7.068552620225899, 47.244081011715629, 1006.857 ], [ 7.05982665844803, 47.242802412428944, 1003.938 ], [ 7.05722642745674, 47.241037824026819, 1005.54 ], [ 7.056708617044069, 47.239462128671043, 1008.796 ], [ 7.057527734113417, 47.238607063411045, 1022.606 ], [ 7.05629250442546, 47.237818374867395, 1020.417 ], [ 7.058671632909723, 47.231190205767376, 1002.408 ], [ 7.055241031686236, 47.229359109451472, 985.719 ], [ 7.04690083595862, 47.226713603483283, 985.596 ], [ 7.043669636836302, 47.223023419209227, 986.536 ], [ 7.04428753549128, 47.221859750563532, 985.538 ], [ 7.036832727701159, 47.213411787313568, 1012.791 ], [ 7.030290042039582, 47.202282501532864, 1073.175 ], [ 7.023450362691484, 47.195705925345237, 1107.318 ], [ 7.009179939905934, 47.193854302910545, 1078.259 ], [ 6.996427161607202, 47.193334255347338, 1029.303000000000111 ], [ 6.994499001046176, 47.186989938591239, 1067.686 ], [ 6.98975123589391, 47.182992709202729, 1070.299 ], [ 6.990391170044838, 47.182582509571958, 1079.693 ], [ 6.986222353921138, 47.177937239046862, 1092.938000000000102 ], [ 6.986714503417881, 47.177490014066109, 1114.854 ], [ 6.980769806083086, 47.174287678883999, 1087.795 ], [ 6.977026484405396, 47.174937627126461, 1080.074 ], [ 6.970517288480884, 47.181335731822614, 1039.372 ], [ 6.960391969543333, 47.182046159246106, 1014.988 ], [ 6.956114986586733, 47.180655579273058, 1010.131 ], [ 6.953361161821753, 47.182764824998685, 1017.694 ], [ 6.955415637527008, 47.183892218226788, 1026.241 ], [ 6.952630055653702, 47.185706306545612, 1035.56 ], [ 6.952161722362312, 47.18735124533719, 1044.898 ], [ 6.941423570467779, 47.184533848164392, 1045.375 ], [ 6.940148997924158, 47.181639303298574, 1031.235 ], [ 6.941079646318316, 47.180915239249643, 1032.796 ], [ 6.939792751625402, 47.179946954057954, 1033.886 ], [ 6.938203381228372, 47.17516158016857, 999.087 ], [ 6.929886931829539, 47.169356921799576, 1028.443 ], [ 6.916671137428878, 47.164335221553934, 1045.261 ], [ 6.917195179504065, 47.163774965881551, 1032.456 ], [ 6.913879502006256, 47.162681447030238, 1052.842 ], [ 6.908912500118109, 47.158902129690595, 1055.492 ], [ 6.908326383633069, 47.159669211475901, 1046.171 ], [ 6.907493794857029, 47.159178822643028, 1052.305 ], [ 6.908161200802787, 47.158354992370235, 1055.575 ], [ 6.905717856240423, 47.157620013148971, 1053.717 ], [ 6.906093854368986, 47.157151409779019, 1049.785 ], [ 6.892386596330275, 47.15380567672733, 989.563 ], [ 6.887633957152466, 47.151409857821896, 947.818 ], [ 6.883722714376887, 47.15040946341891, 918.023 ], [ 6.882473729454025, 47.153149328739161, 882.084 ], [ 6.879622177361475, 47.154272615224222, 807.956 ], [ 6.879878102473914, 47.158469146351827, 802.301 ], [ 6.876872531803349, 47.160865718547193, 795.199 ], [ 6.871969944610897, 47.174121148819395, 958.359 ], [ 6.863323832999695, 47.168446365754782, 768.508 ], [ 6.860895780874076, 47.16551657731786, 612.092 ], [ 6.858401825950954, 47.165390703015767, 609.158 ], [ 6.853467983851556, 47.166750247846032, 609.158 ], [ 6.847648306323444, 47.16595742641875, 609.158 ], [ 6.843488884301857, 47.167125993906154, 609.158 ], [ 6.8409627150055, 47.170260496561305, 609.158 ], [ 6.840910018457488, 47.171278359539144, 609.158 ], [ 6.842214057394729, 47.172130458375413, 609.497 ], [ 6.864007398861871, 47.180426553342883, 567.449 ], [ 6.867278058208444, 47.185343156268615, 557.089 ], [ 6.871625656009027, 47.184834869687094, 551.781 ], [ 6.873874144548893, 47.18530705259888, 596.036 ], [ 6.874057236808285, 47.190991565584724, 543.239 ], [ 6.878725610277647, 47.19594023381454, 543.652 ], [ 6.880698294143833, 47.200549921791733, 543.146 ], [ 6.883100911659588, 47.201237916131362, 545.689 ], [ 6.885920027954223, 47.203641781452141, 542.59 ], [ 6.889348053772841, 47.204707188437744, 546.428 ], [ 6.892031281265223, 47.207176819668653, 537.4 ], [ 6.907132002351097, 47.214689689808687, 537.4 ], [ 6.909961760221659, 47.218192314996941, 537.4 ], [ 6.916303142407614, 47.219175689503906, 537.988 ], [ 6.923822270162229, 47.22209881467991, 537.4 ], [ 6.927322942549938, 47.225683611687437, 552.299 ], [ 6.927927465794773, 47.228666141261307, 507.58 ], [ 6.932554677428316, 47.230582230463263, 506.69 ], [ 6.938734320300023, 47.230623679249696, 509.894 ], [ 6.940835861044328, 47.231534749055434, 506.12 ], [ 6.942762563977769, 47.234461542473802, 504.143 ], [ 6.943129052174209, 47.237909792579259, 504.085 ], [ 6.948424060002821, 47.239363980946834, 504.004 ], [ 6.951717456324664, 47.241752021088061, 503.969 ], [ 6.955666451906468, 47.243103160556117, 502.17 ], [ 6.95210676423179, 47.247372887040783, 497.209 ], [ 6.947349910643133, 47.250714617803595, 491.997 ], [ 6.946603577003858, 47.254132244856706, 491.2 ], [ 6.949586384564071, 47.256465214607054, 491.674 ], [ 6.951597949876322, 47.26153554970778, 490.904 ], [ 6.950114243853481, 47.266053965403572, 487.584 ], [ 6.952009210208116, 47.269901097353944, 487.952 ], [ 6.945380598996098, 47.278676695033909, 484.975 ], [ 6.945244260513355, 47.281227829772106, 484.681 ], [ 6.940900434001977, 47.285062780323457, 483.712 ], [ 6.941017385013203, 47.286690152770397, 483.827 ], [ 6.949018084226269, 47.291596810437646, 482.992 ], [ 6.956414441259476, 47.292301894508853, 481.599 ], [ 6.962216698526904, 47.291402372313165, 481.298 ], [ 6.968460023073581, 47.292681002062267, 480.291 ], [ 6.97368526968432, 47.291317315957826, 480.966 ], [ 6.976140584597701, 47.293112138531974, 480.199 ], [ 6.976427117725714, 47.296304511446536, 479.844 ], [ 6.979013337995625, 47.296443589337493, 479.402 ], [ 6.983237916955177, 47.295363583072742, 479.872 ], [ 6.989907387967571, 47.296762909357277, 479.148 ], [ 6.995976301961874, 47.295723591243956, 477.984 ], [ 7.003713752841072, 47.301580922324526, 477.466 ], [ 7.007564716017252, 47.301009684995648, 476.769 ], [ 7.009764295662033, 47.302756591637767, 571.304 ], [ 7.010994295336456, 47.308074520736049, 786.059 ], [ 7.013418234158872, 47.30922989669989, 806.251 ], [ 7.016187152751146, 47.314676202517326, 845.954 ], [ 7.012993864200114, 47.320200357109776, 893.122 ], [ 7.009297843321214, 47.320309325334186, 889.969 ], [ 7.009990998706136, 47.324526623834224, 855.69 ], [ 7.02614437314559, 47.326164678885938, 887.697 ], [ 7.030749014318698, 47.326927211461424, 896.056 ], [ 7.030635415807089, 47.327446393354052, 891.386 ], [ 7.033848357918537, 47.328310995429682, 879.521 ], [ 7.045644272845363, 47.32649568757332, 893.438 ], [ 7.056961301979237, 47.334402833542498, 839.695 ], [ 7.053008988678596, 47.335102513129108, 812.279 ], [ 7.053659758901678, 47.335778985839241, 791.455 ], [ 7.052934023716331, 47.336687939596054, 758.02 ], [ 7.055222433441771, 47.337593990865578, 751.363 ], [ 7.05435954789959, 47.338267933898024, 739.277 ], [ 7.055105906379545, 47.338715876271642, 744.182 ], [ 7.059800527086293, 47.339736436159505, 704.908 ], [ 7.06238940747675, 47.344105208671046, 416.356 ], [ 7.055438029614217, 47.347385935851662, 416.167 ], [ 7.049884021490411, 47.34771000374532, 416.776 ], [ 7.050516118933088, 47.349935717129981, 507.152 ], [ 7.052818854904502, 47.351547484874828, 559.14 ], [ 7.051936088539338, 47.356598832387668, 608.617 ], [ 7.05007480430862, 47.358978629175901, 650.898 ], [ 7.049393540274314, 47.361850144975172, 716.701 ], [ 7.043127415927709, 47.364269129896805, 804.15 ], [ 7.03484057688429, 47.363346771395094, 829.139 ], [ 7.03407924997442, 47.369667366994889, 902.034 ], [ 7.029388615865426, 47.369122664772625, 898.529 ], [ 7.020140024196175, 47.370338049633261, 899.387 ], [ 7.018292484941343, 47.37135774867118, 885.813 ], [ 7.018180682863765, 47.372627911017766, 863.568 ], [ 7.015568860969247, 47.372918992549735, 827.711 ], [ 7.013113295064181, 47.371434329461252, 854.813 ], [ 7.012169581595749, 47.372886839720984, 841.818 ], [ 7.007403632943253, 47.368119709231408, 915.791 ], [ 6.996379950803481, 47.363613379541555, 916.359 ], [ 6.984283947138232, 47.363667627655374, 884.454 ], [ 6.974588581319389, 47.360144583663832, 831.863 ], [ 6.970569772513456, 47.361021274795327, 815.663 ], [ 6.97051949842561, 47.360427064768324, 803.038 ], [ 6.965896722467046, 47.359243580967579, 825.959 ], [ 6.964156764726986, 47.360297583848748, 832.916 ], [ 6.961025139893334, 47.359302126388187, 829.917 ], [ 6.952384274699137, 47.35904834275437, 876.223 ], [ 6.952091922067912, 47.359976099074061, 904.165 ], [ 6.946394178688949, 47.359278582799305, 891.904 ], [ 6.942781789012903, 47.357674588342938, 854.241 ], [ 6.935118433306021, 47.357553161406919, 638.87 ], [ 6.933111919590924, 47.358448311936783, 615.137 ], [ 6.92407750693858, 47.355179982069096, 645.079 ], [ 6.919617199609331, 47.35530526809017, 667.651 ], [ 6.917081854936914, 47.356089383873964, 653.454 ], [ 6.915341498743333, 47.357616061183208, 659.747 ], [ 6.902770679966623, 47.359565727601471, 716.637 ], [ 6.899641459982414, 47.357717510479524, 619.165 ], [ 6.895653053708371, 47.358668541736293, 634.681 ], [ 6.89474331549389, 47.356536505099555, 675.135 ], [ 6.891557808592618, 47.355860474153154, 680.747 ], [ 6.886965004401626, 47.353290969397563, 709.455 ], [ 6.883001834100768, 47.352412181507169, 703.617 ], [ 6.879293023372169, 47.352576091092004, 712.283 ], [ 6.87936337878313, 47.357780217167615, 722.661 ], [ 6.882529752623689, 47.361204277997047, 732.652 ], [ 6.884923437350292, 47.367430271484871, 655.773 ], [ 6.883599354024835, 47.372865523465698, 607.596 ], [ 6.888502896453147, 47.376497948878075, 679.584 ], [ 6.895815222307062, 47.379897833930578, 700.803 ], [ 6.895095208246398, 47.381707545592249, 673.512 ], [ 6.905121290485576, 47.38252500959824, 659.607 ], [ 6.905230854754275, 47.383373921726495, 636.196 ], [ 6.912069446716345, 47.386193031683803, 602.518 ], [ 6.913506854793393, 47.388087040615765, 584.251 ], [ 6.913868311514761, 47.389323959255265, 566.5 ], [ 6.911043018761294, 47.391611351017119, 550.84 ], [ 6.911583050962763, 47.393768923083805, 527.159 ], [ 6.909310533389887, 47.396095987419159, 503.163 ], [ 6.915489965667873, 47.397157513507878, 538.435 ], [ 6.915552661775236, 47.399135895684402, 564.044 ], [ 6.917771177797438, 47.403183698745828, 550.715 ], [ 6.913251475964765, 47.404576508991191, 549.063 ], [ 6.919707279677151, 47.406630009551385, 556.178 ], [ 6.920632089888712, 47.405073915081594, 551.712 ], [ 6.924116729769756, 47.405779159766034, 568.137 ], [ 6.938434146234764, 47.406081333520724, 578.82 ], [ 6.941547185714923, 47.415703652189556, 584.225 ], [ 6.940303425669362, 47.433322763579092, 606.092 ], [ 6.954956097005359, 47.435267041839971, 574.973 ], [ 6.957570581368413, 47.43381093401775, 577.768 ], [ 6.963711425620009, 47.435794087673322, 579.161 ], [ 6.96628449905026, 47.437651096105618, 588.322 ], [ 6.970286394188245, 47.447110454168765, 608.61 ], [ 6.973421010275389, 47.447174589339888, 618.387 ], [ 6.980981776950448, 47.449234321144168, 591.947 ], [ 6.984066662811018, 47.448189420720617, 579.75 ], [ 6.990192814441803, 47.447980273079573, 574.958 ], [ 6.995880278282392, 47.449648010040072, 554.846 ], [ 7.002182006904626, 47.454163655376341, 529.197 ], [ 7.00143664247163, 47.455977622015467, 543.967 ], [ 6.997540189631573, 47.45642916310328, 551.482 ], [ 6.997889240323922, 47.459846424180398, 539.581 ], [ 7.001286187150061, 47.461921096990899, 519.006 ], [ 6.999792395961156, 47.464968390862133, 532.494 ], [ 7.000484836993627, 47.467201715162133, 542.005 ], [ 6.991704979434238, 47.466399831536258, 513.206 ], [ 6.990833724672861, 47.467606944118927, 497.068 ], [ 6.992991416556182, 47.471132113981064, 502.275 ], [ 6.988296634174525, 47.473102324813546, 501.019 ], [ 6.986440894891692, 47.476330833806195, 485.166 ], [ 6.988590773996389, 47.481016819379001, 471.077 ], [ 6.988649365489103, 47.486898347988451, 431.117 ], [ 6.985753866195756, 47.491652476674332, 411.908 ], [ 6.986427774681006, 47.492141787503918, 410.04 ], [ 6.982640101671938, 47.493656091470697, 397.413 ], [ 6.982969206510253, 47.494552039588854, 396.875 ], [ 6.986025780637164, 47.493339128437945, 402.527 ], [ 6.988280818523266, 47.494849641156755, 398.352 ], [ 7.003737629080794, 47.500746571825665, 383.31 ], [ 7.019745368877744, 47.504331287168334, 406.117 ], [ 7.0249341457846, 47.504293358681906, 420.541 ], [ 7.027647048383274, 47.501319865759669, 435.488 ], [ 7.029091592493409, 47.501540218227248, 436.18 ], [ 7.034204338409601, 47.499188317401178, 490.124 ], [ 7.036649997785429, 47.499204337071262, 497.071 ], [ 7.036941512917694, 47.497514431743106, 497.621 ], [ 7.044534200035986, 47.49844725449254, 470.322 ], [ 7.052429812370413, 47.495113303545445, 452.428 ], [ 7.060764971563503, 47.495387484183681, 430.866 ], [ 7.072068520557813, 47.492376355775001, 435.977 ], [ 7.072550097545344, 47.489743672507878, 442.625 ], [ 7.074852183480759, 47.488189053650565, 449.462 ], [ 7.081352773453724, 47.489716824855165, 419.195 ], [ 7.094228369131373, 47.495441095650278, 497.451 ], [ 7.100036463642053, 47.494320155364662, 545.452 ], [ 7.112525355974865, 47.495108800053323, 532.959 ], [ 7.115691053780924, 47.496296017575901, 529.553 ], [ 7.128002351102738, 47.503879153666034, 493.488 ], [ 7.130257817396427, 47.502946598839188, 502.774 ], [ 7.139192397134224, 47.501785484698352, 499.542 ], [ 7.150421425122977, 47.497318553917445, 489.393 ], [ 7.156931255606762, 47.492128302179786, 482.39 ], [ 7.162279471391939, 47.490004195828973, 475.916 ], [ 7.166075037228855, 47.490105159702175, 470.568 ], [ 7.167403190282058, 47.48939483550496, 467.447 ], [ 7.173097281149463, 47.489756871457899, 463.445 ], [ 7.185065610168802, 47.491181886027647, 463.548 ], [ 7.200968591330202, 47.494276275387115, 410.458 ], [ 7.20114986364945, 47.492866190051899, 411.268 ], [ 7.202986742959037, 47.491398928274236, 414.11 ], [ 7.190861203397469, 47.488510292865172, 445.605 ], [ 7.190371848931333, 47.486158108704444, 461.379 ], [ 7.186922708876752, 47.482507259057826, 463.034 ], [ 7.184656876929965, 47.477228294835463, 474.523 ], [ 7.177496168937274, 47.468054262413986, 439.913 ], [ 7.179096223793161, 47.465487883912424, 440.167 ], [ 7.178908117422332, 47.460798976035356, 444.366 ], [ 7.177239110316818, 47.459454455112748, 445.051 ], [ 7.178334355849302, 47.458551350119563, 446.928 ], [ 7.170203531558304, 47.442982828796694, 521.284 ], [ 7.175607640710838, 47.442955038359337, 504.206 ], [ 7.192519797810152, 47.439006395976932, 515.36 ], [ 7.19511170791279, 47.43741098694602, 539.961 ], [ 7.195796345802143, 47.435423891751803, 568.854 ], [ 7.205605640454618, 47.435575723218435, 749.17 ], [ 7.206688197193342, 47.434849949899494, 737.04 ], [ 7.220479389539936, 47.438566562162968, 724.01 ], [ 7.222925534217871, 47.439824386967118, 723.202 ], [ 7.229030326649517, 47.43989211651035, 711.962 ], [ 7.233445683978694, 47.438624490779873, 724.553 ], [ 7.238880949762205, 47.433292212611349, 733.674 ], [ 7.237537425394761, 47.430583894777847, 721.238 ], [ 7.239025998868149, 47.428520448398032, 692.202 ], [ 7.243814168219351, 47.427815949757061, 658.874 ], [ 7.245780080217845, 47.42653257638468, 638.661 ], [ 7.246309857294923, 47.422177232364795, 610.815 ], [ 7.245412634449779, 47.421045177725368, 598.99 ], [ 7.246551430229808, 47.420340963618607, 597.171 ], [ 7.249415258992701, 47.421415330379261, 617.258 ], [ 7.250392622092457, 47.422976883093426, 584.75 ], [ 7.254962739355408, 47.424387641581639, 576.533 ], [ 7.269701996921488, 47.427001014484667, 557.125 ], [ 7.277921427590558, 47.43247957908472, 545.913 ], [ 7.280054927767905, 47.432846140334796, 543.999 ], [ 7.281907066421947, 47.434812357566017, 541.069 ], [ 7.28693464385812, 47.435159157337232, 536.182 ], [ 7.292657035606938, 47.433364892957094, 530.829 ], [ 7.295763254645137, 47.435667720911084, 526.3 ], [ 7.30053283578316, 47.436494108317504, 522.404 ], [ 7.302400483679367, 47.438648861338294, 519.791 ], [ 7.306917535096239, 47.438991818122055, 515.738 ], [ 7.312435229562666, 47.437994594604575, 511.178 ], [ 7.316423768561354, 47.438783729558629, 508.331 ], [ 7.320528789546104, 47.438354507037189, 504.199 ], [ 7.327253113996983, 47.440049410906795, 499.292 ], [ 7.328152473774648, 47.438006007496519, 503.5 ], [ 7.325218607592158, 47.434846575129122, 512.678 ], [ 7.326209578735958, 47.432056305792784, 522.835 ], [ 7.332169067420276, 47.430198817210844, 692.539 ], [ 7.340005527967711, 47.429783696786735, 599.893 ], [ 7.341165491234341, 47.429109624360706, 580.188 ], [ 7.341316391754463, 47.426547969909699, 592.52 ], [ 7.343596574424566, 47.425897076384274, 595.805 ], [ 7.344181668643664, 47.424422748310931, 632.256 ], [ 7.348419848326325, 47.422710725886603, 656.851 ], [ 7.349453942176913, 47.421299474612098, 690.011 ], [ 7.358003111786268, 47.41816156046027, 779.503 ], [ 7.357302106669342, 47.415009772495416, 852.925 ], [ 7.369840104000724, 47.413894352305725, 784.988 ], [ 7.375951384808469, 47.41410385978471, 717.92 ], [ 7.379479899702779, 47.4127795695087, 711.309 ], [ 7.38406042154415, 47.412364516763375, 716.079 ], [ 7.388699217168285, 47.403023336221665, 744.206 ], [ 7.395925812394922, 47.403387236353915, 725.441 ], [ 7.398940817633452, 47.396843182200087, 386.244 ], [ 7.401405060217759, 47.396765404999748, 385.548 ], [ 7.405908138014988, 47.395147607002471, 384.508 ], [ 7.414507425413099, 47.394298664390895, 382.837 ], [ 7.413657552142169, 47.389434253221886, 632.194 ], [ 7.416280047252422, 47.384810368555996, 633.68 ], [ 7.411667577340488, 47.380590059342296, 807.471 ], [ 7.43368306499729, 47.379430431972594, 823.685 ], [ 7.437329610214597, 47.380892549238816, 785.371 ], [ 7.436132148712026, 47.378113285638179, 897.916 ], [ 7.440178106883161, 47.380278938645034, 873.658 ], [ 7.444978910936978, 47.378323357500555, 875.723 ], [ 7.446790477728669, 47.376606234855366, 903.117 ], [ 7.452835628495003, 47.374575246198319, 946.85 ], [ 7.45482675851166, 47.372221648654126, 933.939 ], [ 7.463280567376894, 47.370304089901417, 879.182 ], [ 7.47100237268887, 47.370258293438184, 846.879 ], [ 7.479421376586432, 47.371405869425445, 912.796 ], [ 7.487425604805575, 47.369689387205682, 675.648 ], [ 7.499920694691893, 47.371982074930379, 898.307 ], [ 7.523729737094685, 47.372074097184331, 859.295 ], [ 7.524641010008204, 47.369813305974596, 874.438 ], [ 7.5217520498938, 47.365152018741952, 848.526 ], [ 7.526818004773268, 47.362962450644034, 837.025 ], [ 7.533225091421242, 47.362209567896713, 862.738 ], [ 7.53382596290157, 47.359658770882803, 904.486 ], [ 7.539654418342894, 47.360116911442105, 877.204 ], [ 7.541454686825188, 47.355738369206918, 912.178 ], [ 7.536870257671489, 47.350192671339578, 1066.982 ], [ 7.538904769926718, 47.347629479746921, 1039.821999999999889 ], [ 7.544948452674124, 47.347443900874552, 967.106 ], [ 7.552206431496927, 47.345312781753975, 1072.869999999999891 ] ] ] } },
{ "type": "Feature", "properties": { "NAME": "Vaud", "KANTONSNUM": 22, "EINWOHNERZ": 855106, "ICC": "CH" }, "geometry": { "type": "MultiPolygon", "coordinates": [ [ [ [ 6.779825783191222, 46.85296088608456, 429.25 ], [ 6.74186912977201, 46.8278756938819, 429.25 ], [ 6.77881011278401, 46.800572587043753, 620.098 ], [ 6.783525147627285, 46.802827923455759, 632.259 ], [ 6.787278530795716, 46.79960399566383, 653.814 ], [ 6.786134209763011, 46.798716099814676, 657.966 ], [ 6.786677750133003, 46.798395824142389, 661.636 ], [ 6.778580009659589, 46.793888899979692, 677.4 ], [ 6.775983581390249, 46.789751797217228, 687.857 ], [ 6.777129877880692, 46.78911091845238, 694.398 ], [ 6.780782015441265, 46.792621812199201, 687.186 ], [ 6.781317990864894, 46.792249342344554, 686.583 ], [ 6.783011814099517, 46.793385915895598, 682.039 ], [ 6.785370961427174, 46.791073845681886, 677.121 ], [ 6.79793685946855, 46.782876813219723, 675.056 ], [ 6.799851567996241, 46.784557080631167, 669.649 ], [ 6.801070198700306, 46.78383026235224, 678.4 ], [ 6.804653682131557, 46.785644209732396, 677.441 ], [ 6.809219281935666, 46.783730558404734, 677.768 ], [ 6.81344158469239, 46.780269295028226, 639.346 ], [ 6.812421880264373, 46.778929200674185, 625.393 ], [ 6.813031670117437, 46.778333335353047, 611.675 ], [ 6.814273842941627, 46.778610908688314, 607.84 ], [ 6.816683264290765, 46.777755889187588, 588.557 ], [ 6.81749343659957, 46.778490109151299, 582.428 ], [ 6.818660505690144, 46.778140126978215, 578.587 ], [ 6.823306522362671, 46.77519049078802, 616.497 ], [ 6.825395681797877, 46.772838675890988, 651.646 ], [ 6.828064398619158, 46.776627361158418, 646.393 ], [ 6.833080460203788, 46.774541004584712, 710.212 ], [ 6.836329272205336, 46.776097102796321, 695.538 ], [ 6.83551180452346, 46.776879798566895, 683.821 ], [ 6.837918713931034, 46.778048080438147, 689.973 ], [ 6.839493947564216, 46.780956738580237, 689.583 ], [ 6.843208349845527, 46.778718397682084, 741.06 ], [ 6.844112002226433, 46.778862548740072, 739.735 ], [ 6.847191604088495, 46.781223181302224, 717.322 ], [ 6.848520257947689, 46.780913871968757, 714.154 ], [ 6.850487428963554, 46.782351171074041, 689.41 ], [ 6.850788452079263, 46.783170612069242, 704.1 ], [ 6.849224316430703, 46.784051564297386, 707.294 ], [ 6.851599210111977, 46.785876406783416, 688.258 ], [ 6.852572744518745, 46.785270430595148, 674.78 ], [ 6.85909218816629, 46.788003153474463, 695.56 ], [ 6.863798137616426, 46.785284704950051, 606.98 ], [ 6.86388795583694, 46.784406656211715, 578.833 ], [ 6.861886460366507, 46.783169775276846, 595.855 ], [ 6.863797056300043, 46.781121154636054, 637.481 ], [ 6.869334295872538, 46.779626294061686, 565.325 ], [ 6.871804562307598, 46.778142993631711, 556.39 ], [ 6.87262941082261, 46.778736289691629, 551.664 ], [ 6.877236565264924, 46.775919054844849, 511.191 ], [ 6.879554513076266, 46.776338098809937, 507.026 ], [ 6.879547667269558, 46.775300248800121, 512.061 ], [ 6.888130175079899, 46.778271564719951, 487.496 ], [ 6.894202897856986, 46.777295519405371, 474.534 ], [ 6.895018283692676, 46.779104350634249, 485.771 ], [ 6.899826715311049, 46.780059002645409, 479.117 ], [ 6.899121710873128, 46.781593275495425, 469.199 ], [ 6.905049995266144, 46.781545109675321, 469.506 ], [ 6.907341624648789, 46.7838197148318, 461.345 ], [ 6.909712447775464, 46.783545018047278, 458.989 ], [ 6.908235907520431, 46.782016478438209, 474.643 ], [ 6.910993814073899, 46.779709737080033, 455.447 ], [ 6.912642342927207, 46.781803575729768, 455.061 ], [ 6.917110333829688, 46.78471124436453, 453.755 ], [ 6.916537503536169, 46.788678789824175, 452.415 ], [ 6.92083071805747, 46.794783795267563, 450.452 ], [ 6.921121854667577, 46.796807818894045, 450.133 ], [ 6.925996303477574, 46.798492197387894, 449.178 ], [ 6.927327747581282, 46.801344386462318, 448.35 ], [ 6.931123680697215, 46.803712218972223, 447.572 ], [ 6.931362522582533, 46.80585542229484, 446.964 ], [ 6.928153379312787, 46.807538951747688, 446.167 ], [ 6.927420579399858, 46.809055170290542, 445.796 ], [ 6.922471163957224, 46.808690701356625, 453.249 ], [ 6.919997710149898, 46.810569819702067, 454.975 ], [ 6.914799195084018, 46.807411651088302, 461.496 ], [ 6.915803165519101, 46.806656334807634, 470.655 ], [ 6.91134498630475, 46.803133612111957, 467.884 ], [ 6.904885997622953, 46.805610122626646, 474.732 ], [ 6.910850709827566, 46.812529838553687, 477.04 ], [ 6.90850498432583, 46.816243387699167, 472.229 ], [ 6.909613369337377, 46.817434583299637, 470.665 ], [ 6.907573562814717, 46.81764048174454, 477.209 ], [ 6.909321532746265, 46.818933788280376, 474.69 ], [ 6.907675194433242, 46.819899809360628, 459.716 ], [ 6.904881871898107, 46.824975210255232, 445.592 ], [ 6.905428767929204, 46.826983715173952, 446.241 ], [ 6.906725043966214, 46.827388614393776, 446.732 ], [ 6.905981811613767, 46.82768782827867, 451.363 ], [ 6.906967533226181, 46.828568657290845, 446.227 ], [ 6.907399376784168, 46.834194578057456, 444.557 ], [ 6.910170138735405, 46.838766157043686, 445.678 ], [ 6.920403833230226, 46.848076364934386, 444.602 ], [ 6.930624913082318, 46.853242541421402, 442.962 ], [ 6.928848466014715, 46.854941549191501, 444.533 ], [ 6.927148622738999, 46.854541313496412, 444.217 ], [ 6.92415616097999, 46.859464456114935, 457.363 ], [ 6.922430341446757, 46.859043155857115, 459.754 ], [ 6.921484639210761, 46.860768448032879, 465.875 ], [ 6.919933130017655, 46.860437684565738, 469.477 ], [ 6.917777304357234, 46.863196249775754, 486.455 ], [ 6.915680301903802, 46.863043036670639, 491.633 ], [ 6.912870613576539, 46.865935617916321, 495.835 ], [ 6.896464598144536, 46.861231825013775, 499.935 ], [ 6.895875428881078, 46.862748203768128, 494.387 ], [ 6.894350496975782, 46.86216893391191, 498.458 ], [ 6.891870511669688, 46.864958333292485, 486.509 ], [ 6.896568195730533, 46.865908057737599, 490.445 ], [ 6.898466709840245, 46.867043199454699, 491.456 ], [ 6.900757030936426, 46.866370864133195, 496.196 ], [ 6.905283157028178, 46.868564354032273, 507.056 ], [ 6.909527298163606, 46.869510852551613, 496.795 ], [ 6.911764883155761, 46.867149416727337, 495.614 ], [ 6.921005659202224, 46.871330981358305, 483.736 ], [ 6.910797428685, 46.880625177205758, 476.559 ], [ 6.906955213100268, 46.878622617777481, 482.833 ], [ 6.905333712089435, 46.880333650195823, 486.726 ], [ 6.903659132820446, 46.879428280335667, 488.136 ], [ 6.899222547091704, 46.883386735937634, 455.378 ], [ 6.898361880484303, 46.882837026591538, 456.375 ], [ 6.897303076519336, 46.883937285123928, 453.454 ], [ 6.896419181619553, 46.883038687434968, 456.851 ], [ 6.865690140811739, 46.909575151762688, 429.25 ], [ 6.896230270678378, 46.925486179846956, 429.25 ], [ 6.926767360509768, 46.901056587233008, 431.004 ], [ 6.930320462416604, 46.899526866156222, 436.238 ], [ 6.92901004916668, 46.897913755379577, 437.825 ], [ 6.923727458592571, 46.895329904703409, 443.416 ], [ 6.924438317791027, 46.893420280761909, 446.701 ], [ 6.925877462682619, 46.89266025195495, 449.149 ], [ 6.929276121617691, 46.893337219027615, 458.136 ], [ 6.931426944597198, 46.892382223955856, 464.371 ], [ 6.933132429880182, 46.892543863837446, 468.667 ], [ 6.936008680235643, 46.888788445840355, 479.766 ], [ 6.938365656033199, 46.889968245365289, 484.996 ], [ 6.939581229316584, 46.887901490521728, 476.984 ], [ 6.939088066146108, 46.887169999190618, 471.97 ], [ 6.941459538838822, 46.886085507707776, 468.217 ], [ 6.941894080883161, 46.884129549777249, 472.371 ], [ 6.945719394180679, 46.883048492594789, 475.846 ], [ 6.948596068020979, 46.878973589444797, 471.497 ], [ 6.951689263708586, 46.877637210090739, 446.265 ], [ 6.952426918059641, 46.87602412740668, 462.209 ], [ 6.950536266004744, 46.87579945524574, 466.158 ], [ 6.951087234852117, 46.874811760071609, 458.825 ], [ 6.95395420696329, 46.875391216103608, 449.179 ], [ 6.957903582578819, 46.870782961422279, 439.536 ], [ 6.960229930856891, 46.871443434729422, 439.247 ], [ 6.96488349729591, 46.865391809317281, 439.979 ], [ 6.969437477797828, 46.867340056299852, 439.41 ], [ 6.964260140905468, 46.87321044421121, 439.039 ], [ 6.964929339105446, 46.87372704465357, 439.367 ], [ 6.962196701930984, 46.877328212896238, 441.428 ], [ 6.961161287096876, 46.877202608648112, 442.404 ], [ 6.959064790262731, 46.87870500965937, 453.923 ], [ 6.959688959909339, 46.879153815717991, 461.305 ], [ 6.958113589547678, 46.881453743791809, 469.431 ], [ 6.960723356101436, 46.882575962294425, 462.736 ], [ 6.961752642128345, 46.883976810572243, 465.856 ], [ 6.963332291494313, 46.882806275347711, 465.283 ], [ 6.966372058547892, 46.883399101914542, 470.139 ], [ 6.971078589228753, 46.885103974330008, 472.242 ], [ 6.970353152457062, 46.886466507371416, 478.387 ], [ 6.973753910306814, 46.887315861025577, 478.346 ], [ 6.976026237761177, 46.88435406425473, 462.625 ], [ 6.977739770826593, 46.88422375260113, 453.521 ], [ 6.980334477881802, 46.882080919234582, 437.634 ], [ 6.988895371726262, 46.873460030551804, 437.372 ], [ 6.985944590681179, 46.871059801823925, 437.322 ], [ 6.986480312417502, 46.870743137005576, 437.514 ], [ 6.979226490784553, 46.865767560870715, 438.217 ], [ 6.97694422833625, 46.860527354465511, 438.298 ], [ 6.980583969074234, 46.85801763327639, 439.443 ], [ 6.97781311657982, 46.854958233506146, 440.671 ], [ 6.979317697919447, 46.853269934872827, 441.742 ], [ 6.977808679874397, 46.851873633676568, 441.219 ], [ 6.97757506510513, 46.849870405695526, 442.471 ], [ 6.980444666051445, 46.848225343116319, 467.839 ], [ 6.979287932187926, 46.846956013598188, 456.798 ], [ 6.981475193530541, 46.845711273986815, 453.335 ], [ 6.98441537770879, 46.846717068387505, 454.238 ], [ 6.986926011631107, 46.844070628876466, 476.855 ], [ 6.987655302231099, 46.844419140007112, 478.446 ], [ 6.988660340575523, 46.843580669843355, 494.684 ], [ 6.987392851424739, 46.84278595731017, 495.451 ], [ 6.988453849659813, 46.842083726085214, 488.225 ], [ 6.985992353134561, 46.840068834658197, 487.251 ], [ 6.984358780207228, 46.841040866674817, 489.617 ], [ 6.983074770957572, 46.839825230591444, 488.398 ], [ 6.986985870337667, 46.837177427294755, 493.564 ], [ 6.986135404759431, 46.834724423652048, 498.894 ], [ 6.992362112153159, 46.833171929406433, 520.496 ], [ 6.992808260194892, 46.832481347017172, 522.619 ], [ 6.99237106877985, 46.830398897660835, 514.231 ], [ 6.989680598927443, 46.828159807583731, 510.492 ], [ 6.989695222363602, 46.826405686240683, 492.391 ], [ 6.985394607836755, 46.823510051935834, 484.85 ], [ 6.984987753681275, 46.822024120958275, 481.93 ], [ 6.98344180264815, 46.821972988642479, 480.196 ], [ 6.9800925042538, 46.822859185500022, 476.04 ], [ 6.974822850574766, 46.823017827095939, 466.541 ], [ 6.972973812520141, 46.824674538249297, 464.997 ], [ 6.971013344377656, 46.824054817832312, 463.335 ], [ 6.968038839608462, 46.827011292064881, 457.55 ], [ 6.965144689533682, 46.82824081378341, 454.313 ], [ 6.961054403281687, 46.823923718433676, 463.773 ], [ 6.957850523371663, 46.818737620065811, 470.932 ], [ 6.960217939852123, 46.817758054616604, 467.258 ], [ 6.956508549158743, 46.814935829135045, 468.64 ], [ 6.95928432332042, 46.81222185742773, 480.758 ], [ 6.957786573416621, 46.811208048541097, 481.336 ], [ 6.958846701558619, 46.809863183322101, 511.54 ], [ 6.964689613152438, 46.80545280526767, 637.509 ], [ 6.963534744464216, 46.804417627572121, 629.069 ], [ 6.966662745259945, 46.802703780253125, 631.461 ], [ 6.965458223337577, 46.801778620062244, 622.126 ], [ 6.96595134594157, 46.801096393808017, 621.429 ], [ 6.962249790324932, 46.799214980398823, 630.174 ], [ 6.955993949789316, 46.793424527090579, 582.268 ], [ 6.95691040905468, 46.792555406724816, 591.242 ], [ 6.956442207004196, 46.790524656733794, 586.456 ], [ 6.958631480789321, 46.790306468349925, 592.661 ], [ 6.957204441004277, 46.789723147188155, 589.678 ], [ 6.957089606843524, 46.787593376505882, 590.091 ], [ 6.951542192793259, 46.785206406146465, 596.04 ], [ 6.950117778657884, 46.782777893610273, 573.898 ], [ 6.947571857914829, 46.783027734430476, 557.723 ], [ 6.945704234875724, 46.78454084180683, 532.359 ], [ 6.941813810078052, 46.783540041946281, 580.061 ], [ 6.939353033613795, 46.780831063948611, 561.563 ], [ 6.93810921276081, 46.781243738696837, 563.7 ], [ 6.937135431838431, 46.778623536812916, 594.444 ], [ 6.931541813247343, 46.775404884347438, 577.057 ], [ 6.933071164350288, 46.774697975515686, 593.622 ], [ 6.931245006251524, 46.772509908245055, 597.833 ], [ 6.933221605794703, 46.771986573778022, 612.604 ], [ 6.933989621110975, 46.772638445531221, 616.245 ], [ 6.935310573119152, 46.771539508478305, 631.033 ], [ 6.930943444894525, 46.7694770054066, 613.549 ], [ 6.92305266610405, 46.762008483096899, 607.24 ], [ 6.920110759323234, 46.759859581954906, 597.461 ], [ 6.917078565875504, 46.761137625532392, 608.769 ], [ 6.918121528518046, 46.76172774234773, 608.63 ], [ 6.917434115034633, 46.762564228943823, 595.946 ], [ 6.916521266549822, 46.761987035266472, 594.738 ], [ 6.914431209410639, 46.762727550420294, 587.607 ], [ 6.911585383240759, 46.76103305250664, 587.085 ], [ 6.908282642545374, 46.757468341031334, 588.137 ], [ 6.910635909412326, 46.756031585081644, 600.018 ], [ 6.90897857553046, 46.75477362950425, 596.371 ], [ 6.910548208383716, 46.753263048511982, 587.114 ], [ 6.911812986678483, 46.75458993353454, 585.141 ], [ 6.91474931502034, 46.753269541731235, 521.314 ], [ 6.916679939798671, 46.754615843832539, 529.14 ], [ 6.920017665884106, 46.75130430100171, 554.777 ], [ 6.930335547257797, 46.754218396944601, 622.145 ], [ 6.934987284283471, 46.750517897553635, 671.326 ], [ 6.937963161800185, 46.749472239424897, 717.098 ], [ 6.939560701179397, 46.745712616694313, 713.821 ], [ 6.941104615566429, 46.745140877205756, 722.092 ], [ 6.939531930462846, 46.741605320617793, 745.584 ], [ 6.935009285568897, 46.735897134789987, 766.466 ], [ 6.936334282487342, 46.733949254485715, 763.068 ], [ 6.922484511813709, 46.723881246613807, 796.9 ], [ 6.917730014547566, 46.718712254578776, 786.429 ], [ 6.916476845363112, 46.720039669306381, 791.143 ], [ 6.915290094527324, 46.718610131533381, 789.486 ], [ 6.911386486529766, 46.717909206765135, 797.508 ], [ 6.901029979924049, 46.711409723474866, 802.421 ], [ 6.896573701155762, 46.706347926430183, 797.398 ], [ 6.894421662688957, 46.705555679617859, 774.925 ], [ 6.892308486594395, 46.702583125878043, 779.563 ], [ 6.894398704283932, 46.701241083401143, 785.946 ], [ 6.889594091115567, 46.693884341007035, 798.676 ], [ 6.887899018626735, 46.694326578050699, 790.303 ], [ 6.883691969416978, 46.69001173527213, 771.136 ], [ 6.881007829520271, 46.690055049247384, 782.454 ], [ 6.873121118711549, 46.683324563170878, 806.349 ], [ 6.868402591166066, 46.685728591105047, 758.265 ], [ 6.865688031555324, 46.683731928821146, 756.67 ], [ 6.865330704017467, 46.6812750552035, 750.902 ], [ 6.862687522763737, 46.680948812904994, 718.305 ], [ 6.864120092506767, 46.676771237452613, 708.16 ], [ 6.871708470869594, 46.673253174129229, 814.038 ], [ 6.867504283961108, 46.669323593455871, 820.129 ], [ 6.864394360876282, 46.664763529320723, 826.181 ], [ 6.868334065936747, 46.662969166391811, 815.706 ], [ 6.867252464891436, 46.662113484711121, 818.916 ], [ 6.868005603225016, 46.660766707639127, 816.984 ], [ 6.865871006218652, 46.65894204427417, 828.077 ], [ 6.863018704520258, 46.658386698256443, 840.351 ], [ 6.859385430600711, 46.659952199988545, 843.71 ], [ 6.853520748048243, 46.655462269700649, 830.171 ], [ 6.845215894782392, 46.658390600616507, 800.506 ], [ 6.84425896214559, 46.657682717101572, 802.574 ], [ 6.842937874292541, 46.658370731446766, 828.217 ], [ 6.842165929126931, 46.658839142644588, 830.212 ], [ 6.84411447560914, 46.660844234168628, 830.952 ], [ 6.842160096593844, 46.660837000310451, 821.813 ], [ 6.841807227392481, 46.661604988495966, 819.474 ], [ 6.838375987584808, 46.662576404741046, 810.732 ], [ 6.836266750088672, 46.661473781804439, 806.324 ], [ 6.833384631651753, 46.662230783424292, 770.64 ], [ 6.831388231650153, 46.659829185426858, 773.656 ], [ 6.828910653998342, 46.660559085583756, 729.011 ], [ 6.827408582296948, 46.659822655609993, 715.25 ], [ 6.820882082336892, 46.651795747386032, 753.928 ], [ 6.817282237269131, 46.649237036961381, 717.944 ], [ 6.818504227658903, 46.64780217121816, 690.038 ], [ 6.81457620666689, 46.647474630500326, 658.182 ], [ 6.813433947483146, 46.649536435335747, 651.188 ], [ 6.811934831483426, 46.649208134142505, 638.753 ], [ 6.811182495295961, 46.650351228655659, 637.387 ], [ 6.80694056495736, 46.650607945065111, 627.694 ], [ 6.80203005463179, 46.648897692628289, 612.405 ], [ 6.798940335519672, 46.649176441654809, 547.656 ], [ 6.798550223087286, 46.648608427247886, 551.818 ], [ 6.800622694494296, 46.646571532967371, 562.648 ], [ 6.803668257483077, 46.645674729712759, 574.553 ], [ 6.80379440489593, 46.644514596275897, 534.384 ], [ 6.803205497836911, 46.64376743614573, 554.585 ], [ 6.801706237927434, 46.64421094119367, 553.884 ], [ 6.798941259114839, 46.639598394274586, 695.091 ], [ 6.796917694584585, 46.633145011380641, 717.681 ], [ 6.798371270067855, 46.630160666935659, 734.066 ], [ 6.800428871140804, 46.629916637911769, 711.643 ], [ 6.800650010758807, 46.628435753367846, 715.715 ], [ 6.801711439191049, 46.628540278053215, 686.417 ], [ 6.802279642968393, 46.627750547997962, 674.441 ], [ 6.801964145938759, 46.625071962093038, 678.074 ], [ 6.803545900218945, 46.621244110634663, 652.523 ], [ 6.802435639539887, 46.618774795357616, 664.526 ], [ 6.802960673086639, 46.61615619413471, 671.929 ], [ 6.801845048627907, 46.615557163277067, 706.792 ], [ 6.80389063254255, 46.60903380221469, 743.652 ], [ 6.802384930432994, 46.601424583282444, 730.003 ], [ 6.79832948075768, 46.599867439088754, 718.702 ], [ 6.801232753520376, 46.592504103519758, 653.205 ], [ 6.798480595064389, 46.586163438872489, 686.45 ], [ 6.799476646107018, 46.585591407805431, 687.893 ], [ 6.798936892454948, 46.582057149143274, 691.682 ], [ 6.796109661437621, 46.579320050593552, 692.424 ], [ 6.796252738098342, 46.577287640365306, 694.386 ], [ 6.794902137444683, 46.575318611306685, 698.594 ], [ 6.799481420525354, 46.574070794550508, 691.5 ], [ 6.801725091178689, 46.575195948717344, 679.579 ], [ 6.802557241516617, 46.574918349526179, 672.239 ], [ 6.804888715014989, 46.577927979092642, 647.268 ], [ 6.807935952780889, 46.577609883576976, 620.414 ], [ 6.809393566280285, 46.578850284864487, 604.572 ], [ 6.810833511297862, 46.578966197692772, 602.656 ], [ 6.813219685216909, 46.578229741434633, 593.846 ], [ 6.81152360483234, 46.580990263542432, 592.739 ], [ 6.814198911719759, 46.58395999398509, 589.781 ], [ 6.814102497934329, 46.585668891416454, 588.827 ], [ 6.820593545665831, 46.583683417077815, 614.205 ], [ 6.823710097748855, 46.577478239245913, 627.958 ], [ 6.826924121592268, 46.577967968824623, 640.122 ], [ 6.829263501878003, 46.576372638219922, 663.951 ], [ 6.834845758749138, 46.575337214767622, 658.65 ], [ 6.839859715094988, 46.579002818014317, 681.165 ], [ 6.842389830594441, 46.582441264479044, 696.536 ], [ 6.845316773970056, 46.582762018602175, 707.226 ], [ 6.84643902817715, 46.583947186778239, 711.754 ], [ 6.848561065689173, 46.583309791249221, 717.005 ], [ 6.850868906404325, 46.581132151105429, 751.005 ], [ 6.852611222529612, 46.581977468274253, 771.518 ], [ 6.85995902958465, 46.57986842112286, 830.325 ], [ 6.865534338621224, 46.577250635347227, 841.467 ], [ 6.865064900735218, 46.576229532182303, 835.247 ], [ 6.867894173981124, 46.57515582834256, 819.607 ], [ 6.874457362205246, 46.564970911104858, 847.961 ], [ 6.879428916776727, 46.567131152675913, 859.313 ], [ 6.884499685902917, 46.56195343716422, 849.99 ], [ 6.886850407716529, 46.563414950947973, 839.792 ], [ 6.886446222493959, 46.565024601009569, 841.795 ], [ 6.888163220950343, 46.567700602476826, 842.303 ], [ 6.892134914245984, 46.567902097900294, 838.271 ], [ 6.89797304205236, 46.570594597753065, 835.783 ], [ 6.901645891003791, 46.569726690256068, 839.841 ], [ 6.899177522243712, 46.566710847633274, 836.182 ], [ 6.900081023495549, 46.565715012865176, 828.591 ], [ 6.898843530791022, 46.564996610875568, 821.839 ], [ 6.902045569539497, 46.561164619357982, 804.825 ], [ 6.899055132769694, 46.5596534207329, 805.563 ], [ 6.897587252573984, 46.559671366358067, 803.229 ], [ 6.896914642670323, 46.560609890710573, 802.931 ], [ 6.894614048838786, 46.559076848231427, 801.556 ], [ 6.893920093240125, 46.559916298854802, 800.607 ], [ 6.891520597441861, 46.558416218585783, 798.955 ], [ 6.89167326871415, 46.557325979854475, 798.33 ], [ 6.888218560948347, 46.558148805662356, 796.16 ], [ 6.879415652316084, 46.550669188898986, 779.071 ], [ 6.878087794633363, 46.548573625812267, 771.038 ], [ 6.875770586482064, 46.54772621488258, 765.333 ], [ 6.874139537528278, 46.54562660748185, 756.538 ], [ 6.872634850465293, 46.545700934921967, 751.704 ], [ 6.87234505858408, 46.544833874029706, 748.691 ], [ 6.869236660120631, 46.543343779483884, 739.086 ], [ 6.864420886924718, 46.53812454559079, 733.376 ], [ 6.863750047199916, 46.534956825959895, 728.004 ], [ 6.862455489134018, 46.535170085824653, 716.325 ], [ 6.861952218126795, 46.531089074209348, 704.44 ], [ 6.861077638639661, 46.530684533136743, 700.958 ], [ 6.858964101952634, 46.530867268339072, 699.419 ], [ 6.858675726534927, 46.531807055538515, 698.117 ], [ 6.859219529507449, 46.53278935584779, 697.322 ], [ 6.858497158470296, 46.533373280085485, 695.766 ], [ 6.860146386890241, 46.535977479405908, 693.298 ], [ 6.856434156249946, 46.537046909179502, 688.988 ], [ 6.85678802866635, 46.53829230045941, 687.258 ], [ 6.855000362023195, 46.541439088599745, 676.217 ], [ 6.850867409979711, 46.541117547344669, 668.22 ], [ 6.840693251228759, 46.538190853585689, 697.204 ], [ 6.830278031608874, 46.537458011347589, 638.239 ], [ 6.825181860135705, 46.538016907201097, 635.723 ], [ 6.824756934694732, 46.539375934870833, 634.966 ], [ 6.827840711554009, 46.542952827646694, 631.235 ], [ 6.825498645770808, 46.543567124585969, 630.484 ], [ 6.824799273257699, 46.541605266759859, 630.724 ], [ 6.821133683912093, 46.539093095566699, 633.223 ], [ 6.821284079292452, 46.537943873144407, 633.482 ], [ 6.818272634170661, 46.536497757602923, 634.96 ], [ 6.818844023966009, 46.535677309047145, 636.327 ], [ 6.81779168549224, 46.53493731135044, 637.852 ], [ 6.817087400451596, 46.531420835426829, 641.761 ], [ 6.812771372069135, 46.52707717337492, 647.9 ], [ 6.812770054237927, 46.526154647335716, 648.156 ], [ 6.810873884615511, 46.525129963156026, 650.136 ], [ 6.815331790624803, 46.5213958905684, 827.409 ], [ 6.818100192845819, 46.516506863666805, 936.307 ], [ 6.822621219784097, 46.51411129708513, 835.831 ], [ 6.824287721263525, 46.51207815528916, 825.508 ], [ 6.830798849082577, 46.512047362520775, 736.712 ], [ 6.832389879357724, 46.505443547692032, 746.099 ], [ 6.837833442843634, 46.499489815441798, 747.58 ], [ 6.841728992171378, 46.496752967006913, 759.305 ], [ 6.845538855145123, 46.496668875732396, 715.069 ], [ 6.84774449603928, 46.493693582143386, 725.456 ], [ 6.848902426947324, 46.493374718410742, 724.695 ], [ 6.857284456339854, 46.493055443324387, 757.659 ], [ 6.862760236331127, 46.493847500029659, 811.997 ], [ 6.866336882611984, 46.50079188034092, 949.5 ], [ 6.872431762336653, 46.50431005699236, 931.596 ], [ 6.881672568635858, 46.512574475330297, 888.351 ], [ 6.896700462608897, 46.520448178338818, 805.943 ], [ 6.897723737492172, 46.520054902165192, 765.686 ], [ 6.897664567726827, 46.514828067997463, 710.596 ], [ 6.895216480262493, 46.510791468823392, 665.342 ], [ 6.895714798258565, 46.507750017334402, 639.85 ], [ 6.899739266638922, 46.510394939187826, 687.896 ], [ 6.90141352869289, 46.512333417401607, 700.785 ], [ 6.901139627783663, 46.513273865789728, 711.311 ], [ 6.910061479279349, 46.51234975597287, 745.766 ], [ 6.911384404969406, 46.51324889552383, 750.551 ], [ 6.91312492980971, 46.511116834286724, 766.72 ], [ 6.925165883902143, 46.507694174569117, 869.102 ], [ 6.927583958068356, 46.504673167672301, 903.76 ], [ 6.931214420624064, 46.504582670604044, 934.96 ], [ 6.934609281148085, 46.501396307747186, 980.245 ], [ 6.938576823868079, 46.501001738541333, 1004.303 ], [ 6.941896611094951, 46.502079843828092, 1027.158 ], [ 6.943621095779065, 46.501180777939837, 1033.209 ], [ 6.947858962695597, 46.501306456205377, 1064.656 ], [ 6.950586232830184, 46.502640365665179, 1078.363 ], [ 6.954196196054889, 46.501910241763582, 1127.79 ], [ 6.956137267382426, 46.499497125644588, 1148.816 ], [ 6.963412706407811, 46.496246754208109, 1189.622 ], [ 6.965587004437671, 46.49316156464883, 1214.273 ], [ 6.969664413697306, 46.491245994635207, 1230.689 ], [ 6.972094757411444, 46.491194096393237, 1244.471 ], [ 6.973479465970652, 46.489228363430939, 1265.962 ], [ 6.972389208402264, 46.488791294, 1271.946 ], [ 6.973099746757496, 46.487308028083042, 1285.563000000000102 ], [ 6.972369001518, 46.485681325027308, 1299.935 ], [ 6.973801025592452, 46.481187817708076, 1360.413 ], [ 6.975808820206517, 46.478398184435171, 1448.61 ], [ 6.981319373112333, 46.475390080984297, 1790.242 ], [ 6.977823942482121, 46.472892726825243, 1871.559 ], [ 6.978913186112924, 46.47036036081861, 1941.098 ], [ 6.978149292864284, 46.46833320651745, 1839.776 ], [ 6.979057361617105, 46.461068306620831, 1763.574 ], [ 6.980155732098432, 46.458958763653079, 1859.777 ], [ 6.982694454431828, 46.458905966952067, 1733.671 ], [ 6.989708652981884, 46.452861648612064, 1274.432 ], [ 6.992110177560721, 46.448913070376967, 1711.46 ], [ 6.983606412281986, 46.438732212723664, 1835.688000000000102 ], [ 6.983937916942265, 46.437995934285404, 1914.285 ], [ 6.988790619485288, 46.438078298470252, 1867.758 ], [ 6.994828850298561, 46.439568385801962, 1723.439 ], [ 7.002500795109365, 46.443439298187371, 1553.988 ], [ 7.012144813947308, 46.446561479210466, 1270.967 ], [ 7.017196561577545, 46.447920705034882, 1026.61 ], [ 7.017853910833023, 46.447068573855553, 1031.656 ], [ 7.021028456316646, 46.457290370645161, 1576.285 ], [ 7.020230784189288, 46.459446363900454, 1647.238 ], [ 7.021975163367964, 46.46111696341282, 1633.401 ], [ 7.026768272502694, 46.464175008366027, 1707.5 ], [ 7.028453541297434, 46.466816796026329, 1560.413 ], [ 7.038513681064766, 46.474318960154498, 868.071 ], [ 7.044061326423203, 46.476583825640418, 1037.742 ], [ 7.050916882289521, 46.481824905153097, 1221.104 ], [ 7.054424823079875, 46.482747310342802, 1214.696999999999889 ], [ 7.059087875541073, 46.485225847683481, 1293.954 ], [ 7.061084546068098, 46.487275197340459, 1424.484 ], [ 7.065820836332631, 46.489041663330262, 1464.880000000000109 ], [ 7.072395334144327, 46.486402044802823, 1681.154 ], [ 7.077583566518391, 46.488834757727645, 1587.113 ], [ 7.082423591147819, 46.487776354506799, 1770.816 ], [ 7.08695224887903, 46.487790541471561, 1864.883 ], [ 7.088901123601566, 46.486932870862802, 1888.606 ], [ 7.09801675539402, 46.488408024434875, 1996.386 ], [ 7.100362550759843, 46.486989283298449, 2070.242000000000189 ], [ 7.105354176814894, 46.489319851807124, 1979.681 ], [ 7.106673741040103, 46.492224229971143, 2082.398000000000138 ], [ 7.108474273842202, 46.492854968820055, 2050.422999999999774 ], [ 7.110293727278645, 46.494804504566318, 2124.478999999999814 ], [ 7.122785509564697, 46.498699335522019, 2139.154 ], [ 7.126341523720236, 46.503157245240523, 2207.755000000000109 ], [ 7.13096236170319, 46.504655587491065, 2156.460999999999785 ], [ 7.136255999263461, 46.508611665329489, 2203.025 ], [ 7.137077580168723, 46.513107245154451, 2373.809000000000196 ], [ 7.143671825247288, 46.522114803680573, 2375.326 ], [ 7.14500752250337, 46.526864561213714, 2264.512000000000171 ], [ 7.148349549513205, 46.528464904151861, 2389.038 ], [ 7.15794624689577, 46.526790843541782, 2224.476000000000113 ], [ 7.16342991459174, 46.528535856114829, 2240.367000000000189 ], [ 7.167107375204644, 46.531081387991271, 2173.902 ], [ 7.182334424250783, 46.538371583384546, 1758.232 ], [ 7.192173062758103, 46.546558560934457, 1435.715 ], [ 7.200808653075288, 46.541693365183441, 1676.917 ], [ 7.201070330219864, 46.540001831229681, 1694.1 ], [ 7.207648914560301, 46.532907136284898, 1810.383 ], [ 7.214178749685071, 46.537639805115568, 2015.913 ], [ 7.221696131449153, 46.544802933029551, 2065.931 ], [ 7.223424068353715, 46.54787140515694, 2177.822000000000116 ], [ 7.227346169914751, 46.55001653552047, 2227.492000000000189 ], [ 7.232583489558023, 46.551431450212959, 2068.492000000000189 ], [ 7.236103330990316, 46.553982640325202, 2165.543999999999869 ], [ 7.237075373698874, 46.55379459204481, 2235.264999999999873 ], [ 7.237154623631993, 46.546355005099549, 1627.973 ], [ 7.244568946065437, 46.540099147759676, 1427.169 ], [ 7.24593137098028, 46.537826559465302, 1386.783 ], [ 7.244734112246821, 46.533189902788052, 1320.974 ], [ 7.246820492512173, 46.530955139885158, 1295.148 ], [ 7.247953863493531, 46.522304021961915, 1233.196 ], [ 7.249185075593423, 46.521127573982909, 1223.444 ], [ 7.248969287996682, 46.517239784074008, 1198.179 ], [ 7.247376208831178, 46.514337480147539, 1173.138999999999896 ], [ 7.248730195387916, 46.51287464363201, 1161.304 ], [ 7.2483114051051, 46.510543457252439, 1147.857 ], [ 7.246413649035952, 46.508532902951288, 1130.413 ], [ 7.246572834895567, 46.506182621941065, 1116.444 ], [ 7.24498619235849, 46.505222795544817, 1109.969 ], [ 7.244475533571125, 46.50283686895645, 1096.638999999999896 ], [ 7.245259402517319, 46.502184040837079, 1091.195 ], [ 7.239567694649201, 46.495790406578053, 1053.221 ], [ 7.238971890635963, 46.496499127938776, 1048.25 ], [ 7.232586735645558, 46.494781386087062, 1023.577 ], [ 7.2355619674965, 46.492795708410149, 1132.783 ], [ 7.236189559505881, 46.488028325323263, 1029.625 ], [ 7.227498914820583, 46.487205467394226, 1034.744 ], [ 7.22721522733046, 46.486308601189712, 984.244 ], [ 7.224142301781304, 46.486886824647662, 980.501 ], [ 7.224980461502408, 46.477481113697252, 1452.688000000000102 ], [ 7.23091181837682, 46.466204743606099, 1853.137 ], [ 7.228901091801946, 46.462334826255621, 1816.879 ], [ 7.229816435889777, 46.461605176648959, 1774.223 ], [ 7.228892139212114, 46.458921927569499, 1701.215 ], [ 7.226363699432419, 46.457472115655293, 1611.003 ], [ 7.23232855240015, 46.453938867991262, 1439.34 ], [ 7.225973087666124, 46.451649187208822, 1558.064 ], [ 7.227029808537512, 46.449478718955795, 1631.428000000000111 ], [ 7.22567987723848, 46.445589246251899, 1522.41 ], [ 7.222569725182106, 46.442010392960533, 1899.51 ], [ 7.213136845566892, 46.439506603591859, 1898.136 ], [ 7.205147672696723, 46.439146008923622, 2089.337 ], [ 7.202105600775663, 46.440781783265464, 2269.117000000000189 ], [ 7.198752233767947, 46.440156104397353, 2346.166000000000167 ], [ 7.195137663708929, 46.440672830645831, 2453.969 ], [ 7.192541824652298, 46.435223555807198, 2070.208 ], [ 7.193242352400381, 46.433374792663322, 2047.219 ], [ 7.199150129945647, 46.429262473572741, 1948.880000000000109 ], [ 7.201793842317167, 46.423946691748874, 2136.783 ], [ 7.20361239412444, 46.422068006036135, 2234.527 ], [ 7.206349902594207, 46.42124447070762, 2290.871 ], [ 7.206769368396672, 46.419299963959396, 2322.33 ], [ 7.209867067457887, 46.416279490393002, 2346.204000000000178 ], [ 7.206935764681188, 46.408386387618364, 2091.214 ], [ 7.207783382197286, 46.402980668346686, 2090.621999999999844 ], [ 7.204530229285585, 46.400415538319244, 2048.851999999999862 ], [ 7.203739456045415, 46.397211420195546, 1957.651 ], [ 7.194938094660232, 46.384901397391708, 2120.71 ], [ 7.193717611736825, 46.378927947308412, 2194.016 ], [ 7.203447123534698, 46.378710014995143, 1856.756 ], [ 7.205643223355036, 46.379616747845951, 1724.365 ], [ 7.208317583360281, 46.378674435606499, 1667.556 ], [ 7.207413936498322, 46.37764316629076, 1703.7650000000001 ], [ 7.207228202110556, 46.373489140579323, 1820.134 ], [ 7.209634090712462, 46.372250984231066, 1865.281 ], [ 7.210952404530884, 46.367596337660473, 1917.169 ], [ 7.216299805369061, 46.36177051399801, 1651.958 ], [ 7.219653491970815, 46.36207086828702, 1617.583 ], [ 7.226319131231766, 46.365010574526337, 1544.72 ], [ 7.226223937092785, 46.364059870129871, 1505.424 ], [ 7.22806594444854, 46.36237511042588, 1415.512 ], [ 7.230062399392003, 46.361942596333925, 1375.212 ], [ 7.227819624726497, 46.361125195042234, 1400.253 ], [ 7.226202696322471, 46.359091404201187, 1427.901 ], [ 7.224414666160896, 46.359265066056686, 1436.130000000000109 ], [ 7.218850132390231, 46.357542427246692, 1479.508 ], [ 7.222700946110816, 46.348569487366866, 1961.876 ], [ 7.221488619696642, 46.329246364392361, 3122.839 ], [ 7.189058186201943, 46.303897140449649, 3210.626000000000204 ], [ 7.1892485248237, 46.295172351635941, 2244.132999999999811 ], [ 7.196948409607915, 46.289130053857072, 2030.864 ], [ 7.194374439490542, 46.289067746611849, 2066.737999999999829 ], [ 7.193878866485849, 46.28838173284413, 2068.996999999999844 ], [ 7.194839849998671, 46.28568141005659, 2011.0 ], [ 7.192991675302988, 46.284877850184856, 2002.837 ], [ 7.190286641991219, 46.285006955488363, 2015.241 ], [ 7.186307707250055, 46.282843625971772, 1970.7650000000001 ], [ 7.189336831711162, 46.27337469433008, 2532.757999999999811 ], [ 7.188418904512428, 46.270667739194309, 2547.826 ], [ 7.183716033906658, 46.268473488031496, 2548.489999999999782 ], [ 7.178150017279036, 46.268583270899626, 2577.820000000000164 ], [ 7.171972735237967, 46.262645443178847, 2673.938000000000102 ], [ 7.171520282423161, 46.261096865787643, 2722.538 ], [ 7.168542774756069, 46.259794473045552, 2734.136 ], [ 7.161891310056566, 46.253914593824319, 2828.071 ], [ 7.160599806616049, 46.253217672809164, 2855.174 ], [ 7.155232740699904, 46.252753353512993, 2904.416000000000167 ], [ 7.151768075226651, 46.248077857304068, 2724.827000000000226 ], [ 7.151420535320833, 46.244723085281507, 2743.301 ], [ 7.150167052037912, 46.243134280324284, 2704.570000000000164 ], [ 7.144877940240312, 46.24143669025365, 2831.320000000000164 ], [ 7.140960930721801, 46.237905074229118, 2853.496999999999844 ], [ 7.135137429634283, 46.236563019866431, 2981.538 ], [ 7.12647581642014, 46.23722657527874, 3043.56 ], [ 7.124172073996863, 46.235932313156709, 2963.143 ], [ 7.123429733001031, 46.232501098923898, 2697.302999999999884 ], [ 7.121222670441439, 46.22931985636788, 2585.587 ], [ 7.121323768427136, 46.224907365803489, 2618.251000000000204 ], [ 7.122519409101906, 46.22347585726618, 2810.867000000000189 ], [ 7.119949868744935, 46.222803777932711, 2561.801 ], [ 7.117670504907557, 46.220055395607076, 2506.962 ], [ 7.114940562496619, 46.218374146774444, 2659.773999999999887 ], [ 7.115226291308304, 46.217285962018217, 2712.475 ], [ 7.106282688929885, 46.211020370216197, 2803.955 ], [ 7.101656771211915, 46.209605793552484, 2874.348 ], [ 7.09959484335422, 46.207899354640496, 2666.156 ], [ 7.096256706246806, 46.207539669341614, 2643.598 ], [ 7.093624546845312, 46.204834474381954, 2660.484 ], [ 7.088436292520143, 46.201588671031416, 2858.077000000000226 ], [ 7.076968654255777, 46.198968002859452, 2917.771000000000186 ], [ 7.071243077971257, 46.201011668715765, 2929.902 ], [ 7.064535038574668, 46.199616275342358, 2319.196 ], [ 7.059560209359354, 46.196283278804025, 1942.276 ], [ 7.056228637962639, 46.195703408596387, 1767.173 ], [ 7.052655338703572, 46.194089103424631, 1535.053000000000111 ], [ 7.051876685245727, 46.192973546511894, 1435.283 ], [ 7.049571887151105, 46.192677156064029, 1319.482 ], [ 7.04326300882919, 46.189903000823044, 976.249 ], [ 7.04124993707624, 46.189929236398449, 889.223 ], [ 7.040753502394273, 46.189034746660724, 822.665 ], [ 7.037468732994689, 46.188024493679038, 610.928 ], [ 7.033999243390286, 46.187943085737217, 481.539 ], [ 7.033181164464201, 46.187071869693284, 436.973 ], [ 7.024966576075439, 46.19770896743654, 421.049 ], [ 7.020388433440516, 46.201532969144672, 413.025 ], [ 7.011790652346221, 46.205594159402899, 407.524 ], [ 7.007988888588879, 46.220516503890153, 401.979 ], [ 7.003869540752257, 46.223049062173899, 400.587 ], [ 7.002685234470911, 46.224959652695468, 400.361 ], [ 7.002059043954178, 46.232958407084411, 397.083 ], [ 6.996183434842814, 46.2363973130891, 395.479 ], [ 6.993974219444703, 46.240125544459815, 394.499 ], [ 6.989543747380599, 46.244030221873778, 393.615 ], [ 6.987035936160916, 46.252832924678508, 392.29 ], [ 6.974967686388685, 46.260084981284052, 389.738 ], [ 6.96557875325978, 46.268239583156848, 388.829 ], [ 6.959943108105376, 46.28399537727195, 387.009 ], [ 6.95017836645265, 46.290904162901363, 385.704 ], [ 6.94177719709719, 46.294266737830384, 384.265 ], [ 6.937024125083659, 46.297580488930549, 383.693 ], [ 6.935814479098154, 46.304454902029271, 382.62 ], [ 6.931877991671251, 46.31621628223607, 381.394 ], [ 6.932393308950859, 46.323730572789287, 380.568 ], [ 6.930067666386732, 46.330021342397941, 379.712 ], [ 6.921114548081815, 46.337957501231386, 378.219 ], [ 6.918359230092595, 46.339268573632545, 377.813 ], [ 6.915289879036088, 46.339626025207515, 377.51 ], [ 6.901730835836831, 46.338575612130995, 376.027 ], [ 6.897875993084125, 46.339550055526423, 375.557 ], [ 6.894499478452387, 46.341598212598392, 375.255 ], [ 6.888268261033585, 46.349280977944751, 374.314 ], [ 6.883374711526881, 46.352282905664417, 374.048 ], [ 6.881822352562096, 46.354490444174068, 373.796 ], [ 6.881936947276041, 46.356580583708592, 373.538 ], [ 6.885730009938165, 46.36221707389236, 373.025 ], [ 6.886862822220016, 46.365552368848768, 372.577 ], [ 6.886194909322519, 46.372608709570571, 372.208 ], [ 6.884775017688331, 46.376068297230553, 372.09 ], [ 6.88035727018029, 46.379385888658852, 371.875 ], [ 6.874388345182799, 46.381960035532344, 371.9 ], [ 6.868782386453629, 46.386928960255737, 371.893 ], [ 6.862465326027691, 46.390953753492411, 371.857 ], [ 6.823159238547894, 46.425943408109241, 372.13 ], [ 6.821069658830558, 46.427156883162631, 372.13 ], [ 6.68187083651851, 46.454333316011592, 372.13 ], [ 6.519117676533601, 46.456368046804187, 372.13 ], [ 6.425632343678872, 46.415806964415211, 372.13 ], [ 6.335202328291941, 46.403716320128098, 372.13 ], [ 6.252969987543218, 46.360420851507229, 372.13 ], [ 6.241432138979665, 46.343667939238742, 372.13 ], [ 6.211932578515826, 46.353781531833128, 374.359 ], [ 6.207059125527016, 46.355063001636317, 386.967 ], [ 6.202062742400739, 46.354764971737588, 404.921 ], [ 6.199959539151886, 46.355615254177422, 413.254 ], [ 6.197939565715787, 46.358623305357483, 427.894 ], [ 6.198077703060015, 46.360278507944329, 437.171 ], [ 6.186932358217943, 46.360539558131777, 458.409 ], [ 6.180248367658019, 46.364578549997468, 471.851 ], [ 6.17441203557873, 46.362380613428726, 472.813 ], [ 6.174016376953842, 46.361778255141679, 472.004 ], [ 6.176250257088724, 46.36004784909143, 460.689 ], [ 6.171099146232656, 46.358400975292064, 467.185 ], [ 6.172706788052215, 46.354805584286488, 463.224 ], [ 6.180323200858544, 46.352772613628908, 456.072 ], [ 6.183315466615846, 46.351172630811142, 448.958 ], [ 6.182946034991269, 46.350725816935316, 449.869 ], [ 6.186268104830789, 46.349537395234996, 439.855 ], [ 6.188809252314017, 46.350125104695813, 425.165 ], [ 6.191449890241074, 46.348601447450164, 414.93 ], [ 6.194885180530619, 46.348616263555961, 408.186 ], [ 6.193127208963626, 46.343717035924151, 405.654 ], [ 6.20357637969105, 46.338820640527182, 379.264 ], [ 6.204160740921068, 46.339662296572769, 379.238 ], [ 6.206142640181782, 46.339359136570685, 375.811 ], [ 6.232321812065893, 46.330435296258329, 372.13 ], [ 6.219551060940476, 46.311884482479883, 372.13 ], [ 6.198742733885511, 46.284429054815753, 372.13 ], [ 6.170296930205795, 46.294780419357338, 372.13 ], [ 6.153381081681521, 46.299159017362847, 426.16 ], [ 6.150629446494277, 46.300984804967683, 432.275 ], [ 6.140736700450035, 46.304736170539535, 443.012 ], [ 6.140777785985588, 46.305411776269047, 443.874 ], [ 6.134685543848245, 46.308891651509249, 453.825 ], [ 6.133695314122063, 46.310514769531174, 456.398 ], [ 6.129757136192287, 46.312868488221632, 468.048 ], [ 6.128125775853896, 46.314403100715026, 470.585 ], [ 6.128790472258699, 46.31529604407919, 471.716 ], [ 6.125938865161863, 46.316181408443263, 467.977 ], [ 6.126655758628324, 46.316978199714292, 467.837 ], [ 6.125256781895451, 46.319306628176697, 461.326 ], [ 6.13151408541068, 46.324053365374446, 462.967 ], [ 6.133893056763029, 46.328054520758165, 463.319 ], [ 6.136097506816058, 46.328464874517223, 463.357 ], [ 6.135128533985628, 46.328777947986701, 463.633 ], [ 6.137167521034855, 46.330830840061026, 463.56 ], [ 6.136242986068057, 46.332098931629837, 463.602 ], [ 6.139233469138828, 46.333400648847473, 463.555 ], [ 6.13924788307895, 46.334782293253845, 463.745 ], [ 6.137218298074791, 46.335662872972037, 463.818 ], [ 6.138353224943412, 46.336407831518017, 463.798 ], [ 6.13771864109422, 46.337439142432778, 463.905 ], [ 6.13944133703384, 46.337740546062747, 463.783 ], [ 6.137920950254485, 46.33873046055016, 463.852 ], [ 6.144084283953942, 46.3413494161519, 464.298 ], [ 6.145534314083281, 46.340594953505807, 464.086 ], [ 6.145889673182459, 46.341670118768995, 464.143 ], [ 6.149407905290305, 46.342707242408636, 464.283 ], [ 6.151941859116318, 46.345954880059679, 464.667 ], [ 6.151493276688123, 46.347383451708048, 464.569 ], [ 6.153535346998209, 46.347162854143718, 464.986 ], [ 6.157698458193269, 46.349907602837462, 465.055 ], [ 6.158489648518813, 46.351514468904654, 465.165 ], [ 6.157513045106283, 46.352763825958334, 465.311 ], [ 6.159274985889613, 46.357302074276475, 465.659 ], [ 6.16146876884436, 46.359916552233607, 466.246 ], [ 6.169927363391991, 46.366083143337526, 472.807 ], [ 6.169741187827709, 46.367825132633804, 467.759 ], [ 6.165724034809156, 46.372090099502856, 470.739 ], [ 6.161131452967666, 46.374894324680596, 474.07 ], [ 6.160509949924529, 46.378665475180064, 480.296 ], [ 6.159328353450678, 46.379667608628125, 482.809 ], [ 6.158427293978853, 46.379741811758464, 485.011 ], [ 6.157034536404527, 46.377727395347669, 492.759 ], [ 6.154774367051959, 46.378624239614602, 509.163 ], [ 6.153377732048376, 46.377422417499879, 516.697 ], [ 6.149672561666558, 46.377524150060012, 551.624 ], [ 6.134696595435631, 46.388704077537625, 592.716 ], [ 6.112980659608781, 46.39994150872338, 1117.654 ], [ 6.113105431074512, 46.398651923609172, 1136.482 ], [ 6.114773356408199, 46.397235331598338, 1098.163 ], [ 6.113819251564454, 46.396826242364931, 1117.974 ], [ 6.108834118936596, 46.399550664071491, 1211.305 ], [ 6.10568195631549, 46.399418147147898, 1225.294 ], [ 6.100085546602417, 46.404740692757962, 1282.872 ], [ 6.099305095527162, 46.407534288064092, 1298.513999999999896 ], [ 6.097885929327173, 46.407919306551619, 1332.58 ], [ 6.097630647661656, 46.409037479043143, 1351.3 ], [ 6.067593381199825, 46.414902176008141, 1292.589 ], [ 6.063857215983865, 46.416390023183446, 1269.283 ], [ 6.070583736518597, 46.425520751935395, 1280.915 ], [ 6.073891873873378, 46.428362679661895, 1298.871 ], [ 6.074569546708242, 46.43217379624874, 1240.859 ], [ 6.085619663016338, 46.440833465763596, 1239.497 ], [ 6.086406276102357, 46.443882318890921, 1238.976000000000113 ], [ 6.084388826762289, 46.447444818231091, 1239.15 ], [ 6.078599157285518, 46.45036438777052, 1241.715 ], [ 6.074414855903894, 46.453510712740403, 1230.416 ], [ 6.076914081094283, 46.457596506231845, 1183.006 ], [ 6.073450514022579, 46.459881250709735, 1170.15 ], [ 6.073910266179761, 46.463473821536212, 1161.342 ], [ 6.072793436021569, 46.465443954599081, 1150.84 ], [ 6.076868607873275, 46.467370026163863, 1157.387 ], [ 6.096901307489338, 46.481299530659577, 1222.283 ], [ 6.112604169005137, 46.509564807142169, 1120.092 ], [ 6.137957628214023, 46.530994478900134, 1097.439 ], [ 6.143684809609487, 46.527737369489998, 1283.479 ], [ 6.153471219018242, 46.536790146156967, 1303.984 ], [ 6.148581620319515, 46.539365670000777, 1122.385 ], [ 6.156661694649296, 46.545297981837173, 1112.346 ], [ 6.110472518725078, 46.576438972379613, 1313.76 ], [ 6.12185156117371, 46.584006871301199, 1342.144 ], [ 6.126520001134509, 46.589920055055856, 1338.426 ], [ 6.139598959820292, 46.597623311915697, 1359.352 ], [ 6.141842967488802, 46.59809175432683, 1370.648 ], [ 6.148015100206265, 46.602178165686787, 1366.167 ], [ 6.153690169812607, 46.60365098756683, 1354.464 ], [ 6.161198303320329, 46.609964781704811, 1358.775 ], [ 6.165323516832362, 46.610071614634307, 1372.156 ], [ 6.178967340708228, 46.615752710368717, 1383.906 ], [ 6.17949844319549, 46.620103468509313, 1352.783 ], [ 6.183442369699813, 46.621387625515261, 1363.051 ], [ 6.185552782829389, 46.623681851560796, 1369.077 ], [ 6.188445333323901, 46.62464610194818, 1377.173 ], [ 6.189313373307111, 46.625760974152023, 1368.821999999999889 ], [ 6.190835669265664, 46.62545443625082, 1357.083 ], [ 6.196303701182698, 46.628248033005733, 1370.997 ], [ 6.195835681830451, 46.62952864370282, 1376.643 ], [ 6.20058355542323, 46.633620203475587, 1365.09 ], [ 6.199500286995187, 46.634526345774987, 1373.91 ], [ 6.204046721487267, 46.636286945937997, 1371.497 ], [ 6.205577207784285, 46.635002444950274, 1371.122 ], [ 6.207405351068573, 46.635621139983201, 1369.304 ], [ 6.212961396529281, 46.640102024782408, 1345.357 ], [ 6.21286587548988, 46.641046641790432, 1351.077 ], [ 6.217444199187253, 46.642284609328804, 1370.595 ], [ 6.216664930210177, 46.643113105116996, 1365.275 ], [ 6.219020855681536, 46.645087696932649, 1361.217 ], [ 6.223812433939541, 46.646228274831991, 1372.542 ], [ 6.227570012190699, 46.648191724935423, 1363.701 ], [ 6.232756303904361, 46.654458634396093, 1404.712 ], [ 6.26725542275699, 46.676210708564675, 1270.717 ], [ 6.267980128523106, 46.678133699135032, 1213.3900000000001 ], [ 6.268811903467851, 46.677926785291191, 1214.326 ], [ 6.270453454747015, 46.679099791922155, 1196.592 ], [ 6.270363188519952, 46.679815607313721, 1194.378 ], [ 6.268807615065848, 46.680069625269091, 1201.691 ], [ 6.269131055928664, 46.682550054694872, 1199.065 ], [ 6.279035582299702, 46.68749688788337, 1162.305 ], [ 6.281993273035118, 46.69067386202375, 1150.089 ], [ 6.29245620310117, 46.693097240879091, 1127.075 ], [ 6.295497006713909, 46.694508597064342, 1119.779 ], [ 6.297061418627175, 46.694280856542264, 1104.013999999999896 ], [ 6.325112423613069, 46.706474306464962, 1136.337 ], [ 6.327133732293239, 46.706243903834711, 1149.592 ], [ 6.341232193547159, 46.710119816019976, 1247.238 ], [ 6.349364533902796, 46.714443762990719, 1333.401 ], [ 6.352143345264239, 46.714857935457481, 1348.398999999999887 ], [ 6.353758086317117, 46.718204503154638, 1323.246 ], [ 6.35730011671779, 46.719724425402504, 1370.3900000000001 ], [ 6.360162675593796, 46.723086079359838, 1376.035 ], [ 6.364159941511208, 46.721763588631369, 1335.915 ], [ 6.366701053314729, 46.723200644680858, 1293.027 ], [ 6.371698313494349, 46.724120914849422, 1157.374 ], [ 6.371301509386806, 46.729182807816436, 1047.421 ], [ 6.367832085950542, 46.729202116784045, 1072.095 ], [ 6.371047346492742, 46.730689674833386, 978.684 ], [ 6.3747678830534, 46.731111297680727, 906.634 ], [ 6.379004191555492, 46.730378433377133, 866.264 ], [ 6.384926686974397, 46.73138800663002, 814.446 ], [ 6.389440980902959, 46.735072836088221, 870.056 ], [ 6.392022027453663, 46.738970141507657, 977.848 ], [ 6.39124126401883, 46.741121285875096, 1032.381 ], [ 6.390179500719499, 46.742248486905495, 1088.2 ], [ 6.388479107802616, 46.742385961519986, 1086.361000000000104 ], [ 6.388399757007291, 46.743294850289075, 1087.555 ], [ 6.395198768640315, 46.748470360112506, 1165.234 ], [ 6.39989552288236, 46.749663489917246, 1202.314 ], [ 6.400882774892581, 46.750890554075475, 1195.824 ], [ 6.403381506617698, 46.750027800752676, 1237.932 ], [ 6.424622610737319, 46.754461507096835, 1277.949 ], [ 6.430319851155157, 46.75679522385866, 1327.417 ], [ 6.438192063803906, 46.761776457159883, 1369.356 ], [ 6.439373083990074, 46.762753924916389, 1384.003 ], [ 6.437905245713136, 46.763122493205742, 1385.173 ], [ 6.438443954342607, 46.766677949342778, 1254.915 ], [ 6.448885727043558, 46.773263347466184, 1264.137 ], [ 6.452257734440328, 46.774216616931753, 1211.704 ], [ 6.451668809436152, 46.778632514120623, 1186.375 ], [ 6.458414764269294, 46.788777206380864, 1282.801 ], [ 6.434788987481453, 46.801485150710221, 1135.554 ], [ 6.431040597021484, 46.812357895777318, 1148.289 ], [ 6.440835397446798, 46.815820544831887, 1091.488 ], [ 6.439511384006575, 46.823977155093445, 1100.385 ], [ 6.443159711784136, 46.832713098127876, 1138.659000000000106 ], [ 6.460032261557643, 46.85130358559941, 1084.35 ], [ 6.465362511473183, 46.85083359463129, 1068.590999999999894 ], [ 6.466520981948083, 46.847833498971653, 1114.27 ], [ 6.482107067792006, 46.846593170336156, 1203.369 ], [ 6.523310876334756, 46.856564332742934, 1346.045 ], [ 6.530587006675548, 46.860360125656776, 1469.215 ], [ 6.537763487345687, 46.866849015558678, 1403.824 ], [ 6.545171552601651, 46.868602394392141, 1454.925 ], [ 6.551434756230059, 46.872792095523771, 1367.154 ], [ 6.559903378580636, 46.874071874480926, 1313.702 ], [ 6.572617603690966, 46.87973139587443, 1311.352 ], [ 6.587630477366845, 46.88430814585648, 1246.605 ], [ 6.598620479105592, 46.883619893166475, 1218.51 ], [ 6.61463474956816, 46.888907836194349, 1139.109 ], [ 6.627105499167042, 46.888706165690742, 1268.577 ], [ 6.64548746188316, 46.906166694007389, 1132.106 ], [ 6.647224514075081, 46.910701740487141, 1099.363 ], [ 6.668517912160221, 46.920560380525316, 1070.712 ], [ 6.720827567293764, 46.936090075726, 1412.931 ], [ 6.720398922512048, 46.933327361497724, 1415.477 ], [ 6.723703191076553, 46.931118436464473, 1432.587 ], [ 6.720857905211973, 46.925826940669161, 1421.369 ], [ 6.717532849061028, 46.915862982472007, 1364.554 ], [ 6.716701252286843, 46.906076936302995, 1328.259 ], [ 6.720996399131645, 46.905384599647434, 1242.576 ], [ 6.74010993587398, 46.894814427886686, 694.893 ], [ 6.738005419275754, 46.884562967558601, 630.867 ], [ 6.739993261252926, 46.884380569538727, 624.617 ], [ 6.740686083131564, 46.883325950370313, 632.949 ], [ 6.736795961712439, 46.873815575046009, 628.091 ], [ 6.733857435845324, 46.871616934795568, 616.961 ], [ 6.732508268892453, 46.868308847147453, 613.727 ], [ 6.733385461872176, 46.867901101569572, 626.732 ], [ 6.740000672552208, 46.871980467693945, 607.587 ], [ 6.75525943426474, 46.870459131134403, 430.05 ], [ 6.779825783191222, 46.85296088608456, 429.25 ] ], [ [ 6.970960099277673, 46.827383830680198, 476.648 ], [ 6.971211761916465, 46.826034689202167, 466.645 ], [ 6.971997607598249, 46.826582928848822, 468.309 ], [ 6.970960099277673, 46.827383830680198, 476.648 ] ], [ [ 6.166785581046581, 46.343087573691108, 472.609 ], [ 6.17130333993183, 46.340565819741144, 455.204 ], [ 6.172625501434432, 46.341634692761872, 455.589 ], [ 6.172242919320362, 46.34444468448077, 456.754 ], [ 6.174531588838352, 46.346919215599968, 459.341 ], [ 6.181687188409455, 46.34368498849895, 438.553 ], [ 6.184428047080724, 46.345845753612714, 441.454 ], [ 6.175563953847909, 46.351326352747193, 461.711 ], [ 6.173952582535135, 46.348946931837588, 463.639 ], [ 6.171802836169094, 46.349840527187496, 469.768 ], [ 6.166785581046581, 46.343087573691108, 472.609 ] ], [ [ 6.773010442473131, 46.751366036568633, 680.292 ], [ 6.768270764488742, 46.744486576413152, 706.792 ], [ 6.75959286885786, 46.739055786328635, 732.106 ], [ 6.759045879646802, 46.737474248997536, 731.658 ], [ 6.752651181659133, 46.736563232025901, 715.982 ], [ 6.748699703191193, 46.731804915826849, 757.509 ], [ 6.751729574570038, 46.728227981623043, 802.634 ], [ 6.758792133838069, 46.725476215984315, 814.886 ], [ 6.760259386058811, 46.723098132079279, 775.372 ], [ 6.758553856838195, 46.721977028312786, 770.574 ], [ 6.760718765481918, 46.720392130465235, 799.929 ], [ 6.76240814823892, 46.717374201356712, 802.26 ], [ 6.770663251836567, 46.720658385137, 798.688 ], [ 6.777396058799153, 46.726118260884206, 793.849 ], [ 6.776294813586627, 46.726682461246362, 791.258 ], [ 6.777559670272221, 46.729774561025842, 780.452 ], [ 6.782086226583911, 46.732466106743907, 766.747 ], [ 6.784446588133508, 46.735426233639934, 750.051 ], [ 6.783315361998823, 46.735958772083542, 745.307 ], [ 6.784513327818964, 46.737638734435286, 734.125 ], [ 6.784922709819563, 46.745798397885544, 677.41 ], [ 6.784175657028356, 46.745828047902201, 674.911 ], [ 6.786263270996304, 46.747610657149274, 668.596 ], [ 6.778801401499577, 46.751211945514768, 687.616 ], [ 6.776106449698311, 46.749397608955029, 684.357 ], [ 6.773010442473131, 46.751366036568633, 680.292 ] ], [ [ 6.806212409376172, 46.726935549945601, 734.209 ], [ 6.811281707580552, 46.727898036812107, 762.275 ], [ 6.817484063820098, 46.733286945971315, 709.521 ], [ 6.827271587941734, 46.734750274466805, 672.837 ], [ 6.828389957708715, 46.735503351983724, 677.798 ], [ 6.830281515746783, 46.734678545094489, 673.822 ], [ 6.832562621956366, 46.735019807305456, 659.326 ], [ 6.8351772722427, 46.733350111007454, 657.24 ], [ 6.837869788685745, 46.732803243963076, 661.315 ], [ 6.84632997434143, 46.727477571742398, 643.479 ], [ 6.847230772715062, 46.72789694891275, 644.956 ], [ 6.86186708990026, 46.724585782518751, 481.193 ], [ 6.862709900253834, 46.725786748273578, 481.021 ], [ 6.864526590059457, 46.72520684335602, 485.742 ], [ 6.867173681284278, 46.727125625121381, 492.729 ], [ 6.867925199880897, 46.728419530526416, 489.639 ], [ 6.865407178683101, 46.729327990693079, 482.056 ], [ 6.866846981555748, 46.730870788559486, 485.101 ], [ 6.865518875560175, 46.731674611428396, 478.673 ], [ 6.866161490140448, 46.733019748629836, 470.92 ], [ 6.882090156173891, 46.749805323139974, 466.072 ], [ 6.880097878837936, 46.751824540382216, 468.911 ], [ 6.875634019020143, 46.75389457398493, 479.133 ], [ 6.876992575862365, 46.755879572663737, 483.231 ], [ 6.874499280949874, 46.757307452527598, 518.018 ], [ 6.869301144753739, 46.758688968915727, 620.429 ], [ 6.865391040705739, 46.762567105785337, 536.807 ], [ 6.863021451787333, 46.76361965077124, 504.591 ], [ 6.862333103016997, 46.762654174266352, 506.24 ], [ 6.860642169685375, 46.762926127571561, 508.178 ], [ 6.858831139099701, 46.761460201919824, 512.697 ], [ 6.857676790181626, 46.762747368807432, 524.549 ], [ 6.859593154749172, 46.763767799240931, 526.265 ], [ 6.860173989068, 46.766398744300389, 530.511 ], [ 6.857024571244263, 46.767925225791103, 553.514 ], [ 6.85621277837084, 46.770570396848839, 583.923 ], [ 6.85442258619569, 46.772024983812912, 614.533 ], [ 6.85157045122074, 46.772274113513063, 625.667 ], [ 6.853069074399492, 46.774715405823237, 634.788 ], [ 6.850406438920825, 46.773131551179794, 635.378 ], [ 6.848934302540655, 46.77310551999274, 646.141 ], [ 6.847639480555207, 46.773215982690289, 663.238 ], [ 6.848783075172564, 46.774943029602447, 654.461 ], [ 6.847624735224839, 46.774935600916557, 675.945 ], [ 6.845640620619879, 46.771702127623598, 683.325 ], [ 6.848815716604573, 46.771123898309334, 644.131 ], [ 6.84360450862245, 46.766560555980696, 665.99 ], [ 6.845472009436092, 46.765856510601594, 642.016 ], [ 6.829321883426045, 46.756071703871456, 653.111 ], [ 6.828217377713993, 46.754476387334591, 623.432 ], [ 6.830427167024058, 46.753820553888907, 607.208 ], [ 6.828557901837819, 46.751825171339327, 620.033 ], [ 6.826465545962611, 46.752253025007306, 622.68 ], [ 6.827255258862913, 46.750604700167521, 658.973 ], [ 6.823616858625823, 46.748091071007096, 677.291 ], [ 6.824337788699397, 46.747398068731208, 655.542 ], [ 6.822227509571666, 46.747121213838575, 666.928 ], [ 6.821054028565876, 46.7444357125568, 652.371 ], [ 6.815116975782789, 46.740633378393561, 659.014 ], [ 6.816392126042903, 46.738492136093974, 606.967 ], [ 6.815330761264144, 46.737574551605427, 610.788 ], [ 6.810497885875229, 46.737444211606849, 620.256 ], [ 6.805947263800843, 46.73539491515514, 632.923 ], [ 6.804008727791165, 46.736865552571679, 665.587 ], [ 6.798112650249665, 46.734060565335938, 685.212 ], [ 6.797123381132796, 46.734476627661827, 689.435 ], [ 6.796646504904039, 46.736341633339819, 712.46 ], [ 6.795579928065719, 46.736325541495589, 721.51 ], [ 6.795000053137358, 46.734986953597073, 720.633 ], [ 6.793511711619443, 46.735741104877164, 740.585 ], [ 6.792795931180245, 46.733816898435229, 760.484 ], [ 6.79093169892919, 46.732727541133812, 777.313 ], [ 6.791715971208176, 46.732404912020115, 767.217 ], [ 6.790488846779406, 46.731319800580053, 768.289 ], [ 6.791062130424701, 46.730984764960596, 753.005 ], [ 6.787910512475655, 46.729362853537538, 763.476 ], [ 6.788461233963034, 46.727961164081592, 748.253 ], [ 6.791218401306687, 46.727107833186636, 712.076 ], [ 6.792979738424282, 46.725558378982171, 686.276 ], [ 6.799032806913903, 46.726192861792981, 687.705 ], [ 6.79980625863882, 46.726815313384591, 694.419 ], [ 6.801841881219819, 46.726194149786423, 715.952 ], [ 6.804491480037787, 46.727407453964602, 721.818 ], [ 6.806212409376172, 46.726935549945601, 734.209 ] ] ], [ [ [ 7.002427430299338, 46.986909146222231, 429.25 ], [ 7.052138985435533, 46.977128518640221, 429.327 ], [ 7.060270848018979, 46.973242068199909, 429.139 ], [ 7.063044429461938, 46.971108732904668, 429.143 ], [ 7.060235366285083, 46.968737384684033, 432.006 ], [ 7.061297378023578, 46.966766539445693, 434.09 ], [ 7.057903852140039, 46.965410219730749, 432.09 ], [ 7.059636472095403, 46.96308525783931, 440.224 ], [ 7.057548866752685, 46.962144865478855, 439.296 ], [ 7.059127431264586, 46.960123681866058, 461.523 ], [ 7.057414326370825, 46.95956315808845, 458.814 ], [ 7.059613754239463, 46.955814204581984, 491.119 ], [ 7.056456321072962, 46.955224459176648, 486.958 ], [ 7.058736047153726, 46.953800565982974, 487.88 ], [ 7.06138326514258, 46.9439965154655, 484.446 ], [ 7.061065308789992, 46.941795251067091, 475.413 ], [ 7.057879491941576, 46.938610171622535, 438.988 ], [ 7.086735773790512, 46.910328101394256, 448.274 ], [ 7.090894178546589, 46.907209894848499, 456.081 ], [ 7.092106420403424, 46.90752527103411, 454.702 ], [ 7.093409282828644, 46.90579121620771, 456.334 ], [ 7.090797965304053, 46.904484700873425, 457.465 ], [ 7.090721807422501, 46.903693292424265, 453.357 ], [ 7.086233543597978, 46.90192013643771, 450.523 ], [ 7.088840062379968, 46.899719716267327, 465.971 ], [ 7.086811250637298, 46.898962996107478, 466.375 ], [ 7.087094474915592, 46.897097026622369, 450.215 ], [ 7.084683902195594, 46.896283967097801, 449.107 ], [ 7.074381750240111, 46.895290508365633, 443.773 ], [ 7.074893415400673, 46.893934969308383, 454.676 ], [ 7.079112757179595, 46.894735186559316, 454.069 ], [ 7.079832934714458, 46.894123179515695, 453.97 ], [ 7.070904186308644, 46.889761164462627, 474.714 ], [ 7.072074846907087, 46.888722037156221, 475.189 ], [ 7.068356945743913, 46.887159598801205, 485.473 ], [ 7.068477865034768, 46.887944558119081, 485.352 ], [ 7.064256944724711, 46.8871011898731, 508.259 ], [ 7.064800121302441, 46.885780859073087, 509.68 ], [ 7.061961434277306, 46.883771805673852, 518.753 ], [ 7.061673220932925, 46.879620834732329, 514.268 ], [ 7.067291854528657, 46.880940102825754, 497.601 ], [ 7.067216944825003, 46.877438302537101, 511.339 ], [ 7.069203885835153, 46.876446316301582, 479.36 ], [ 7.070932273226822, 46.87368837708712, 481.023 ], [ 7.070327130137168, 46.871742097984907, 478.56 ], [ 7.066955588368319, 46.870014775603906, 480.857 ], [ 7.066476958838689, 46.868246960534641, 483.012 ], [ 7.062614632882586, 46.867140629726698, 485.769 ], [ 7.061821900413248, 46.865240451566031, 487.135 ], [ 7.058968088472751, 46.863133788229639, 490.401 ], [ 7.053194039430331, 46.855606432141727, 499.98 ], [ 7.050952376666116, 46.855434359799823, 502.084 ], [ 7.050312420117237, 46.85454753635883, 502.727 ], [ 7.049076969580541, 46.854870621402718, 508.996 ], [ 7.044403569632573, 46.847956669022722, 573.658 ], [ 7.042915420668682, 46.846888118702019, 578.564 ], [ 7.039586400833669, 46.848301629892397, 600.542 ], [ 7.037453040771881, 46.845535909646649, 612.936 ], [ 7.033193161137143, 46.848735657858683, 617.996 ], [ 7.031888984174362, 46.847806282796554, 625.824 ], [ 7.029119287785527, 46.850868156170073, 573.738 ], [ 7.029707908073376, 46.85268062106649, 542.23 ], [ 7.034096478381355, 46.85532044590817, 519.696 ], [ 7.033334170611839, 46.85706014349158, 515.072 ], [ 7.034816821291855, 46.858128047956072, 541.111 ], [ 7.038602311627725, 46.858983264903458, 590.053 ], [ 7.039665373316793, 46.860605004403475, 588.41 ], [ 7.036225836571005, 46.861834760735604, 532.71 ], [ 7.029894145089131, 46.866173434582947, 472.785 ], [ 7.035686240444747, 46.873338655126247, 451.91 ], [ 7.032183071763754, 46.875855119995776, 443.174 ], [ 7.0304317125511, 46.875282731149085, 442.731 ], [ 7.028450049849566, 46.875718322164332, 442.07 ], [ 7.02554281214662, 46.876639692026146, 441.076 ], [ 7.025182274602426, 46.877795158803629, 439.831 ], [ 7.021286855305379, 46.876684388283962, 437.165 ], [ 7.016195377206432, 46.880777556508313, 433.473 ], [ 7.015288103328612, 46.876814135453841, 434.307 ], [ 7.014026771859347, 46.877501086999651, 434.077 ], [ 7.011834767318193, 46.87631680203485, 434.205 ], [ 7.011706205018403, 46.87520819371619, 434.464 ], [ 7.00974755209067, 46.875296567124394, 434.467 ], [ 7.008418345249929, 46.873154583387084, 435.477 ], [ 6.999333124025354, 46.874329727390403, 436.159 ], [ 6.993799331069059, 46.87896667417921, 436.68 ], [ 6.99934853887056, 46.882265897348539, 435.313 ], [ 6.999901805860288, 46.881878821454116, 435.298 ], [ 7.009505094769329, 46.88903863397681, 435.356 ], [ 6.987921486886172, 46.903801646162378, 472.54 ], [ 6.984677459452187, 46.907228417610447, 492.077 ], [ 6.981165172928542, 46.909421085622874, 502.644 ], [ 6.984466900395306, 46.911984326648074, 513.883 ], [ 6.981767489747035, 46.913585437590086, 504.825 ], [ 6.987492028063083, 46.918173318513098, 512.197 ], [ 6.986651969855376, 46.919618925848233, 513.048 ], [ 6.978108447189778, 46.923406149274193, 510.891 ], [ 6.974217772694597, 46.921123748948787, 514.439 ], [ 6.973327164152138, 46.921855680632625, 496.113 ], [ 6.971532910534094, 46.921191476436718, 491.217 ], [ 6.969187817636776, 46.923262784809694, 475.658 ], [ 6.964900904915974, 46.924389232265476, 433.947 ], [ 6.928196307678074, 46.953397918309179, 429.258 ], [ 7.002427430299338, 46.986909146222231, 429.25 ] ] ] ] } },
{ "type": "Feature", "properties": { "NAME": "Bern", "KANTONSNUM": 2, "EINWOHNERZ": 1063960, "ICC": "CH" }, "geometry": { "type": "MultiPolygon", "coordinates": [ [ [ [ 7.392492707246055, 47.277952086907902, 541.41 ], [ 7.39240233708504, 47.285988138216524, 727.033 ], [ 7.389799250213591, 47.289394007575936, 920.169 ], [ 7.389752090503859, 47.291981113089562, 954.05 ], [ 7.39692675549317, 47.297673308695977, 905.806 ], [ 7.39588831948, 47.298180682285093, 981.734 ], [ 7.38208786746134, 47.295267692860108, 731.985 ], [ 7.381177536969411, 47.295872554443889, 608.639 ], [ 7.37908813826524, 47.295297947529718, 498.542 ], [ 7.376130482849141, 47.295635128632462, 643.533 ], [ 7.374396527800195, 47.294551868044103, 825.732 ], [ 7.360067106261573, 47.292958506954925, 1054.958 ], [ 7.357121558434014, 47.292777819642495, 1075.199 ], [ 7.35615686287285, 47.294319109397435, 1023.527 ], [ 7.348065721344923, 47.29231172084053, 1098.069 ], [ 7.345987256539297, 47.293595552317527, 1102.208 ], [ 7.346221004318807, 47.294707900350204, 1103.607 ], [ 7.342576718137778, 47.293529960000413, 1106.003 ], [ 7.34125185978633, 47.295556576818569, 1096.189 ], [ 7.342296887534657, 47.296105875286202, 1098.242 ], [ 7.34223448434754, 47.297485539076789, 1143.071 ], [ 7.348223722551201, 47.298446858964347, 1135.732 ], [ 7.350289226988074, 47.299629735840163, 1121.408 ], [ 7.348208752555962, 47.305677765690213, 1116.133 ], [ 7.36514797681867, 47.309303811164796, 1001.643 ], [ 7.378641373074321, 47.31497567946866, 708.259 ], [ 7.380384338175491, 47.314028214093476, 615.839 ], [ 7.390539227988974, 47.313095636583178, 487.307 ], [ 7.393372920400818, 47.313504890764555, 642.619 ], [ 7.405844535037272, 47.312632146976121, 872.098 ], [ 7.41171771883388, 47.31331098983599, 924.188 ], [ 7.413005179695968, 47.309983131807925, 1053.684 ], [ 7.419104237092075, 47.308922682681988, 1135.359 ], [ 7.421345689000875, 47.30683269559426, 1249.086 ], [ 7.425907326617098, 47.307773313086408, 1268.098 ], [ 7.429879585800195, 47.307284837244332, 1290.342 ], [ 7.441767793238242, 47.308665411001471, 1240.071999999999889 ], [ 7.459520750288946, 47.306640089099716, 1212.977 ], [ 7.467474780760687, 47.307348100913387, 1214.932 ], [ 7.476043388686567, 47.307070734016193, 1142.699 ], [ 7.477823376315922, 47.306240685504086, 1121.565 ], [ 7.477994925183103, 47.305194123681716, 1115.201 ], [ 7.486374115126693, 47.302134163918964, 1068.902 ], [ 7.494175276578686, 47.302783050438805, 833.531 ], [ 7.49604515375783, 47.302119469595986, 727.029 ], [ 7.500128838786946, 47.304169035767742, 790.375 ], [ 7.509929384125586, 47.307313449301446, 987.163 ], [ 7.523459706657949, 47.314244118028384, 1033.628 ], [ 7.529968434076871, 47.31631465808092, 1014.205 ], [ 7.550639111869563, 47.319853552272832, 1060.916 ], [ 7.558346056660079, 47.322365439601434, 1141.232 ], [ 7.548338711383003, 47.316359420338038, 1036.521 ], [ 7.547368745053033, 47.309115818975926, 1033.533 ], [ 7.546241959243057, 47.307381385912869, 1102.56 ], [ 7.546945108950156, 47.306084733888639, 1194.409000000000106 ], [ 7.539074035636745, 47.301982246478929, 1143.432 ], [ 7.539535617192263, 47.29861034535373, 1104.571999999999889 ], [ 7.532868908388212, 47.294537046349099, 1174.945 ], [ 7.520048376560974, 47.293848864449522, 1128.9 ], [ 7.505952149187981, 47.290055729208497, 1107.35 ], [ 7.505436542611987, 47.290862901040228, 1144.319 ], [ 7.498337234349576, 47.288370680046917, 1104.076 ], [ 7.494681187456999, 47.288232249781416, 1046.824 ], [ 7.495298892607054, 47.286861729903912, 1078.099 ], [ 7.487200391236868, 47.283859366113433, 1210.249 ], [ 7.485353217732691, 47.284282412390347, 1238.747 ], [ 7.478548194980244, 47.278882484926292, 1206.508 ], [ 7.475874796448729, 47.276316182518237, 1176.119 ], [ 7.472022379742199, 47.269621161420247, 1056.253 ], [ 7.465850128948355, 47.264656868346329, 723.481 ], [ 7.45104766554268, 47.262970791638814, 1104.667 ], [ 7.441011293097643, 47.262923351752455, 1201.596 ], [ 7.426796210700746, 47.256083786669059, 1260.559 ], [ 7.417369808389052, 47.253799267639479, 1241.821999999999889 ], [ 7.41618611566186, 47.250596873378782, 982.149 ], [ 7.418150662789887, 47.24538087637432, 994.462 ], [ 7.420878152446945, 47.242894828244111, 1227.469 ], [ 7.415486863901444, 47.240215190721614, 1066.137 ], [ 7.411825486781499, 47.240558694387992, 1221.107 ], [ 7.40794619355886, 47.239134081392642, 1262.523999999999887 ], [ 7.403104911430878, 47.235686504978098, 1332.702 ], [ 7.398088496599252, 47.233486946221284, 1384.557 ], [ 7.374497711219673, 47.226853420227471, 1332.965 ], [ 7.365417647609156, 47.220828828720819, 1296.054 ], [ 7.362238150245799, 47.219611618641025, 1243.28 ], [ 7.359325729772448, 47.219598871240841, 1222.876 ], [ 7.357242912684818, 47.221049668335098, 1226.788 ], [ 7.355602049815818, 47.22096628919774, 1225.852 ], [ 7.340417035125261, 47.217574036624981, 1211.592 ], [ 7.341968351540838, 47.212401206359118, 953.079 ], [ 7.344826756599164, 47.207215309226136, 1194.288 ], [ 7.346834603172022, 47.207223611115701, 1197.069 ], [ 7.354484375819005, 47.191535660494353, 698.776 ], [ 7.365465431651501, 47.194456569704897, 619.292 ], [ 7.367713814870699, 47.191032032393259, 562.001 ], [ 7.375144780790087, 47.188572578783251, 494.826 ], [ 7.379316228704975, 47.185726704243031, 447.292 ], [ 7.383518016127199, 47.180305139385609, 448.53 ], [ 7.391915235179073, 47.16627805724692, 428.966 ], [ 7.39083443763761, 47.166204935002128, 427.893 ], [ 7.390838715558151, 47.165577785401467, 428.246 ], [ 7.38467410218595, 47.166106408345399, 428.845 ], [ 7.382179096825357, 47.16512274390422, 426.637 ], [ 7.382055785996275, 47.162483947389028, 426.511 ], [ 7.384248350032832, 47.160129029407493, 426.434 ], [ 7.386936541883537, 47.159521686954307, 426.434 ], [ 7.392085085769051, 47.161108055261103, 426.39 ], [ 7.393133368127772, 47.160359389133099, 426.341 ], [ 7.400941274243197, 47.162851989632237, 426.341 ], [ 7.408571079910258, 47.162095987624504, 426.277 ], [ 7.411817810224385, 47.162425100224446, 426.277 ], [ 7.415954883686463, 47.165380889734131, 426.299 ], [ 7.416685280636305, 47.169068919389055, 426.352 ], [ 7.418399110695974, 47.171157867625908, 426.352 ], [ 7.428033951048678, 47.173541176902241, 426.245 ], [ 7.431588502984254, 47.176055377127597, 426.241 ], [ 7.43091476944992, 47.182454942815937, 426.149 ], [ 7.433289237439992, 47.184730728523121, 426.148 ], [ 7.437431983506571, 47.185036665573712, 426.148 ], [ 7.439925496222582, 47.180638287612503, 426.148 ], [ 7.441825135406528, 47.1792350869177, 426.148 ], [ 7.447629975005824, 47.181087689747073, 426.148 ], [ 7.449939261251201, 47.183983764466674, 426.148 ], [ 7.448416415424222, 47.187880946714401, 426.061 ], [ 7.448817335719167, 47.189395958995739, 426.061 ], [ 7.449768099730501, 47.189572786890189, 426.061 ], [ 7.455748482094793, 47.188832250374091, 426.178 ], [ 7.47572683381945, 47.19065207064704, 426.18 ], [ 7.476585668800736, 47.188094537125892, 432.783 ], [ 7.475518494986302, 47.186658133924702, 450.447 ], [ 7.472610453910147, 47.185549710530246, 438.663 ], [ 7.474489638967127, 47.184657538164998, 453.465 ], [ 7.475197730253514, 47.183025209679272, 456.959 ], [ 7.470858561791138, 47.181327671343425, 454.939 ], [ 7.47326501258109, 47.17991419251382, 475.928 ], [ 7.474919710575188, 47.180165404589253, 474.916 ], [ 7.476950811909115, 47.177876707702602, 478.929 ], [ 7.476821082813424, 47.176602243915774, 501.481 ], [ 7.478516846345579, 47.177531749133799, 506.143 ], [ 7.478158561168885, 47.176162997140906, 515.301 ], [ 7.480500471923796, 47.17174151435988, 541.322 ], [ 7.486415553408004, 47.173602340466871, 536.999 ], [ 7.486316971323032, 47.173064325137254, 545.811 ], [ 7.493092202565109, 47.171133630555929, 534.122 ], [ 7.495686239952454, 47.17147463653906, 537.887 ], [ 7.497042535636441, 47.170090639121121, 556.084 ], [ 7.490196338537107, 47.165767634172731, 556.298 ], [ 7.492692224054016, 47.163269414955614, 557.542 ], [ 7.488494860523153, 47.160668097231984, 554.363 ], [ 7.482056792971792, 47.158168059790285, 534.688 ], [ 7.478166598209075, 47.154254674011426, 497.691 ], [ 7.467636872315725, 47.1512846317259, 504.71 ], [ 7.463119685721706, 47.152962341743127, 516.702 ], [ 7.463022171647256, 47.153693490710637, 539.844 ], [ 7.459933130123172, 47.153348870014469, 550.557 ], [ 7.458819229884971, 47.154913482901009, 556.246 ], [ 7.45462722753633, 47.156334808859782, 558.247 ], [ 7.449874565791527, 47.155668034811271, 553.066 ], [ 7.439954595520622, 47.150499868426337, 555.45 ], [ 7.441165140948922, 47.145886105786268, 553.497 ], [ 7.439617223740657, 47.143992239356741, 548.959 ], [ 7.432125944377762, 47.143310603748382, 548.911 ], [ 7.426634331892287, 47.141102696215093, 545.271 ], [ 7.425863672453698, 47.140050634607583, 543.092 ], [ 7.426682845171354, 47.13847478166273, 542.259 ], [ 7.421796556035806, 47.135863954495115, 540.648 ], [ 7.42375477941253, 47.134988745475425, 534.773 ], [ 7.42646386235255, 47.131344005658782, 561.788 ], [ 7.429713139115254, 47.13164240214779, 562.688 ], [ 7.430896566488327, 47.130851362026391, 547.318 ], [ 7.430653607408225, 47.129241662552182, 551.365 ], [ 7.435407072651518, 47.131278131684482, 587.693 ], [ 7.436352655851066, 47.129561882126126, 584.845 ], [ 7.435215564275571, 47.127508866167744, 570.982 ], [ 7.43285925674945, 47.127591101028251, 574.813 ], [ 7.433263308815993, 47.126176540371468, 579.057 ], [ 7.43962362500511, 47.124563311600433, 600.447 ], [ 7.440182789091359, 47.123730792210026, 606.428 ], [ 7.437374347000737, 47.12272487692816, 604.863 ], [ 7.434737194596698, 47.123858504893803, 589.947 ], [ 7.429029846260563, 47.124372960279594, 544.344 ], [ 7.424710527205563, 47.122012647892703, 560.208 ], [ 7.420380348514288, 47.121151106756443, 558.629 ], [ 7.419793047481644, 47.121829935980067, 542.469 ], [ 7.414633277415443, 47.121441161975369, 540.434 ], [ 7.415069260604933, 47.120972687136558, 544.051 ], [ 7.409891804115118, 47.11975422655695, 546.511 ], [ 7.409557322111652, 47.120217878484354, 544.156 ], [ 7.406273400060151, 47.118102313190121, 534.432 ], [ 7.403751898618665, 47.117679117479845, 527.114 ], [ 7.394997759400322, 47.121698824272457, 510.383 ], [ 7.389974385320556, 47.119521381362475, 503.585 ], [ 7.38893561159708, 47.123411807572666, 492.128 ], [ 7.386746586383857, 47.125900701566529, 469.033 ], [ 7.38273504508998, 47.123021913547696, 460.822 ], [ 7.380851057820452, 47.122733516279865, 458.289 ], [ 7.378928240501938, 47.124096956138438, 455.842 ], [ 7.375546319093482, 47.123329405722629, 455.065 ], [ 7.375633787382214, 47.12230103543699, 453.88 ], [ 7.37400868171499, 47.121819398397022, 457.864 ], [ 7.371408238083164, 47.122540956124332, 465.084 ], [ 7.370494926188111, 47.120934744837164, 460.667 ], [ 7.371973069201736, 47.117344932059787, 448.523 ], [ 7.369707644420441, 47.115957330278242, 446.814 ], [ 7.371464620642334, 47.113766371049977, 454.471 ], [ 7.373629002817204, 47.112864873010736, 459.367 ], [ 7.375885776327895, 47.108370544489574, 492.095 ], [ 7.377242494356712, 47.108247329928226, 489.693 ], [ 7.379238533840771, 47.10620898665136, 503.917 ], [ 7.378796828903273, 47.105050491277197, 511.833 ], [ 7.382512765294944, 47.098112206824744, 550.614 ], [ 7.382029784277466, 47.095742532323918, 542.055 ], [ 7.384336558976798, 47.095483820280968, 541.477 ], [ 7.384392406460194, 47.09628907268506, 544.122 ], [ 7.386362011471811, 47.096176541547287, 547.773 ], [ 7.389448117886242, 47.095135507440403, 536.663 ], [ 7.390109044605179, 47.092251245373831, 477.035 ], [ 7.409552451584283, 47.094947936011245, 475.38 ], [ 7.420275048108414, 47.099668242460154, 473.899 ], [ 7.420995867436732, 47.098482876639657, 470.26 ], [ 7.422395121978991, 47.098886498362212, 470.184 ], [ 7.42326322087614, 47.097462064513913, 467.527 ], [ 7.434002932862095, 47.100502747324406, 466.242 ], [ 7.43743024624279, 47.094207929957712, 482.731 ], [ 7.435043849768171, 47.093656813616867, 482.646 ], [ 7.435753422856879, 47.091911690075491, 483.599 ], [ 7.433669832918023, 47.091341763725765, 481.23 ], [ 7.434523714421241, 47.089724609384156, 493.091 ], [ 7.433247535028057, 47.089558751330898, 492.195 ], [ 7.432913174126683, 47.087759919003908, 499.602 ], [ 7.434353050541163, 47.08616289122088, 508.114 ], [ 7.435418402536984, 47.080168320136636, 550.935 ], [ 7.44024134420495, 47.076294610350381, 547.77 ], [ 7.440450509820827, 47.074505773215726, 547.335 ], [ 7.445863048511429, 47.074343839303133, 546.546 ], [ 7.453997921375967, 47.075975986672447, 543.913 ], [ 7.454463997009637, 47.074928932685019, 545.099 ], [ 7.459052190773571, 47.078052324085803, 525.389 ], [ 7.464471080649314, 47.078952038606246, 517.592 ], [ 7.466564643971337, 47.078663888650802, 515.385 ], [ 7.468398864606804, 47.079790653212569, 512.886 ], [ 7.471053472628326, 47.08382934987592, 506.491 ], [ 7.474800637485024, 47.086218448814719, 500.419 ], [ 7.473869471696686, 47.089521992133271, 494.33 ], [ 7.470826699406005, 47.090469582793475, 523.564 ], [ 7.464240887869301, 47.099049025585543, 471.589 ], [ 7.465292707549824, 47.099326566607509, 471.215 ], [ 7.461811843755402, 47.10340635593397, 468.566 ], [ 7.462800762277059, 47.103673398706114, 468.398 ], [ 7.461328677199384, 47.108235339281201, 464.229 ], [ 7.492320731168303, 47.117087237083553, 462.695 ], [ 7.498634662068282, 47.121444149191746, 462.122 ], [ 7.504671513715392, 47.12272029882714, 462.008 ], [ 7.509719123348681, 47.125541912242113, 461.292 ], [ 7.513791712011609, 47.130010381176028, 461.319 ], [ 7.51370767067475, 47.133184339153289, 461.288 ], [ 7.515934601407005, 47.136908399648988, 460.988 ], [ 7.519140411259419, 47.140432729798718, 460.518 ], [ 7.522924691156708, 47.142538075143129, 460.146 ], [ 7.523425748774792, 47.145839215010241, 459.893 ], [ 7.525336828331322, 47.147582304584581, 459.775 ], [ 7.529754968844093, 47.148739964569039, 459.622 ], [ 7.52958899042046, 47.150722483493595, 480.583 ], [ 7.525728659085078, 47.153748359736731, 470.111 ], [ 7.524312306609107, 47.153597230056626, 472.727 ], [ 7.521895702007317, 47.158440029853523, 511.508 ], [ 7.520337816381041, 47.158891061736888, 504.116 ], [ 7.52056095706669, 47.159772840041853, 486.055 ], [ 7.522930394083033, 47.15998898947997, 477.678 ], [ 7.522769720551, 47.160711655869449, 471.643 ], [ 7.526046457230413, 47.161059988192982, 464.738 ], [ 7.525772882459508, 47.1622081979623, 464.262 ], [ 7.531395871193228, 47.162998748704112, 460.148 ], [ 7.534506350407555, 47.16417575321104, 460.445 ], [ 7.535234647748029, 47.16246708507461, 459.495 ], [ 7.540675324537097, 47.163637112355424, 460.444 ], [ 7.544336326883808, 47.160367519629631, 493.15 ], [ 7.54736231659142, 47.161206876330915, 487.69 ], [ 7.550046395864731, 47.163627893207952, 489.506 ], [ 7.556888535253465, 47.166717406551946, 488.023 ], [ 7.557839328830366, 47.168031566508837, 481.471 ], [ 7.563471611675753, 47.168357113788069, 453.602 ], [ 7.5643915045738, 47.165759281028876, 453.474 ], [ 7.56596724834167, 47.165537322091787, 452.563 ], [ 7.565523930194965, 47.164354733884096, 453.762 ], [ 7.567325945969784, 47.163190187671077, 455.135 ], [ 7.569761333489654, 47.162450845343997, 455.24 ], [ 7.574912904900548, 47.164451102937264, 455.208 ], [ 7.579673002687458, 47.16002766323188, 459.452 ], [ 7.581057437691854, 47.160132915884745, 459.725 ], [ 7.582090475025682, 47.158285088755669, 461.423 ], [ 7.58110484450809, 47.155597210977675, 462.45 ], [ 7.582843803405972, 47.155968521210504, 462.934 ], [ 7.583517945765912, 47.15491418890187, 462.113 ], [ 7.586144456720348, 47.147548117773496, 466.617 ], [ 7.588357611042389, 47.150888595276847, 465.379 ], [ 7.592444144149331, 47.15267850806935, 463.852 ], [ 7.597896828666924, 47.151606805908379, 464.247 ], [ 7.607853466064829, 47.152851844241631, 462.268 ], [ 7.614544307974279, 47.154534309388289, 460.042 ], [ 7.615536452338317, 47.156576668401442, 458.387 ], [ 7.621960202140188, 47.153062265307312, 459.531 ], [ 7.62458729233228, 47.152459317672573, 461.804 ], [ 7.627515487838859, 47.152950417538015, 470.76 ], [ 7.629089011289671, 47.152389551400169, 467.776 ], [ 7.631410858470628, 47.153839813995738, 477.339 ], [ 7.632336419641532, 47.152994451811679, 476.318 ], [ 7.634839043448022, 47.153310722407973, 477.746 ], [ 7.635603727588816, 47.152098014502442, 473.111 ], [ 7.639960631590728, 47.15356069758441, 477.3 ], [ 7.640782524310097, 47.151497356866528, 466.454 ], [ 7.645106852594434, 47.148922911701263, 464.269 ], [ 7.650849342058383, 47.149854582507359, 465.837 ], [ 7.652606600268008, 47.151503870613105, 468.271 ], [ 7.651961829082531, 47.156031712326389, 470.436 ], [ 7.650922736527621, 47.15610284295316, 471.33 ], [ 7.650750841402104, 47.15735310583873, 468.398 ], [ 7.653558394374316, 47.160832731095546, 467.432 ], [ 7.651655932415069, 47.16159290032595, 467.051 ], [ 7.660086008744973, 47.168405141535466, 467.117 ], [ 7.661014038109522, 47.167659514709193, 466.977 ], [ 7.665292496044558, 47.16889856648524, 465.613 ], [ 7.665655669498373, 47.168179995767318, 465.736 ], [ 7.672866558288291, 47.168396928227125, 469.631 ], [ 7.673779972477804, 47.174412440182145, 477.055 ], [ 7.676177327969582, 47.176135422143119, 475.223 ], [ 7.67799370718644, 47.181928402892979, 471.98 ], [ 7.677810478337866, 47.182684982266871, 471.113 ], [ 7.674891515221212, 47.183151560851968, 472.91 ], [ 7.675678786060051, 47.183711445698052, 471.622 ], [ 7.674427450118612, 47.184227495635007, 486.908 ], [ 7.673253160254843, 47.184368227565088, 488.541 ], [ 7.672387859683686, 47.183358583037702, 486.518 ], [ 7.671105814202137, 47.184524124472112, 492.98 ], [ 7.671623402753599, 47.186728832201382, 494.035 ], [ 7.673707489892221, 47.187909830668218, 495.03 ], [ 7.674634713785776, 47.190901395966584, 498.061 ], [ 7.671296481953187, 47.193002155510349, 490.738 ], [ 7.671533360153412, 47.194973727754636, 472.512 ], [ 7.669133628595342, 47.194103533619327, 475.777 ], [ 7.668531736038141, 47.195979694135822, 463.342 ], [ 7.66658396752843, 47.195800205663396, 463.505 ], [ 7.665818829435673, 47.198031769429384, 461.319 ], [ 7.664191243251242, 47.197500662701998, 462.074 ], [ 7.662745488256606, 47.19865758229728, 462.661 ], [ 7.662335297875835, 47.200962297145281, 463.458 ], [ 7.657823632911943, 47.200694159509325, 465.977 ], [ 7.647231231799298, 47.201784976129318, 468.598 ], [ 7.651226625623123, 47.206705704826078, 475.329 ], [ 7.645948196999106, 47.215021625554421, 449.82 ], [ 7.6466549894229, 47.217578092880892, 441.122 ], [ 7.648471777915104, 47.218954925906381, 436.568 ], [ 7.641049448586031, 47.221133274864656, 422.984 ], [ 7.63918256625719, 47.223387840534798, 421.958 ], [ 7.643950561932593, 47.225448183725803, 422.435 ], [ 7.640560913837413, 47.229796909979981, 421.125 ], [ 7.635287876214905, 47.22723525135676, 421.741 ], [ 7.633941607629247, 47.228637569218783, 421.515 ], [ 7.630895270417678, 47.22669583327211, 422.232 ], [ 7.629518273338385, 47.228270910912094, 422.208 ], [ 7.626185274510251, 47.226316921542299, 422.622 ], [ 7.62351880662979, 47.229364069954904, 422.357 ], [ 7.619115149776228, 47.229053511059853, 419.232 ], [ 7.618325337200577, 47.231425460471897, 421.518 ], [ 7.616418559851361, 47.23289331838982, 421.641 ], [ 7.617048552424635, 47.233866603536534, 422.102 ], [ 7.614890154215359, 47.234211446426322, 422.497 ], [ 7.613970251457632, 47.236502866805246, 454.161 ], [ 7.610932758638137, 47.238255542502799, 449.023 ], [ 7.609265535087817, 47.238214935913312, 445.261 ], [ 7.609509781307959, 47.239547201075681, 443.056 ], [ 7.606389599024387, 47.239052551851799, 434.708 ], [ 7.604590471947676, 47.242674869663439, 443.124 ], [ 7.602414918245977, 47.24208831044934, 458.947 ], [ 7.599692274482254, 47.244752629756015, 468.304 ], [ 7.595943635318488, 47.245571697997455, 483.283 ], [ 7.597728556606881, 47.254135801073865, 633.336 ], [ 7.593703101706893, 47.266222755530137, 827.038 ], [ 7.586927928109096, 47.26970337738608, 880.965 ], [ 7.580111406631797, 47.276351260344818, 1185.946999999999889 ], [ 7.614208991750343, 47.281154273911987, 970.327 ], [ 7.648280339334153, 47.281992372969796, 1229.535 ], [ 7.656702057221773, 47.284629307776676, 1190.977 ], [ 7.660510273267694, 47.286654005616462, 1153.671 ], [ 7.66879015223496, 47.288781647737935, 1054.738 ], [ 7.670981322502583, 47.287573154301874, 1101.383 ], [ 7.677183864572061, 47.289114589718579, 1068.068 ], [ 7.679823843665618, 47.290125716299983, 1083.034000000000106 ], [ 7.684774921525805, 47.293994433832104, 1033.296 ], [ 7.688563964987088, 47.290448069614854, 937.837 ], [ 7.699456790074918, 47.286275886580647, 532.125 ], [ 7.700856081058733, 47.28654806976207, 521.581 ], [ 7.703910028097113, 47.283761040243014, 463.643 ], [ 7.702970356437143, 47.28302009843695, 463.238 ], [ 7.705569831040974, 47.280464035376276, 461.171 ], [ 7.706548442610081, 47.281368135314743, 461.064 ], [ 7.708914368628893, 47.279455071082921, 457.098 ], [ 7.70843524804563, 47.278651887344026, 456.451 ], [ 7.710463118574597, 47.276375991203814, 456.072 ], [ 7.709430730761782, 47.275589743235656, 456.009 ], [ 7.71234009593829, 47.27377008928589, 456.42 ], [ 7.715620639081626, 47.276403882584013, 456.738 ], [ 7.71751762112656, 47.275121642211872, 455.496 ], [ 7.725142367036796, 47.269313377500431, 454.682 ], [ 7.724267112927169, 47.267856324530172, 456.557 ], [ 7.724829133027973, 47.266243390232411, 457.411 ], [ 7.732673362554446, 47.259115595764236, 493.319 ], [ 7.738322067583296, 47.259901680924614, 480.285 ], [ 7.744667638871052, 47.257025318730065, 469.102 ], [ 7.749293634219675, 47.258764977487935, 454.661 ], [ 7.756825017646155, 47.258097328074847, 440.148 ], [ 7.758800970960105, 47.259223967216542, 434.871 ], [ 7.760688773095011, 47.262568210138994, 432.277 ], [ 7.764841778476446, 47.26668900879217, 430.258 ], [ 7.774607415521518, 47.26787141409946, 428.049 ], [ 7.77581252802944, 47.261441063512997, 434.604 ], [ 7.786153362941811, 47.256100224809856, 402.106 ], [ 7.787685829895118, 47.257920644224846, 402.009 ], [ 7.793784183006355, 47.261484680072698, 401.908 ], [ 7.798028508482171, 47.266080464816348, 401.5 ], [ 7.802154238456544, 47.26827657940062, 401.3 ], [ 7.805252489317012, 47.268014908480239, 401.304 ], [ 7.805354934910402, 47.265037439137565, 400.495 ], [ 7.807047205736938, 47.263256500799677, 400.348 ], [ 7.814776307722228, 47.261312113467248, 399.738 ], [ 7.818195033024765, 47.26214638690044, 399.518 ], [ 7.825113911532543, 47.265574907462884, 398.673 ], [ 7.825664960178536, 47.264486013296654, 400.069 ], [ 7.827693799840445, 47.264371339909758, 401.443 ], [ 7.827114474464677, 47.263221588152497, 402.425 ], [ 7.82862173171963, 47.262782739345454, 402.667 ], [ 7.827120246497999, 47.261354215173938, 405.556 ], [ 7.829102264576938, 47.26096350187764, 406.96 ], [ 7.830388844050795, 47.259127568396863, 407.503 ], [ 7.828897574645995, 47.258416464212836, 409.423 ], [ 7.829788932334917, 47.255445654999477, 410.057 ], [ 7.826021203952291, 47.251935452146881, 419.03 ], [ 7.828130668783293, 47.249895761331892, 420.587 ], [ 7.82574365521615, 47.248717616980997, 421.622 ], [ 7.826501939711051, 47.248228080907204, 422.482 ], [ 7.826079102671365, 47.246902792789562, 423.101 ], [ 7.828430068157843, 47.244458420047728, 424.919 ], [ 7.828300858222035, 47.242930197551509, 425.934 ], [ 7.829525096147575, 47.243414020413226, 426.12 ], [ 7.8302842910045, 47.242980852265539, 427.74 ], [ 7.83421580911472, 47.237676275587297, 432.985 ], [ 7.836807873396912, 47.236988367187216, 434.905 ], [ 7.838927239659374, 47.234605266277534, 438.155 ], [ 7.837454886909272, 47.232884347545472, 438.691 ], [ 7.838335095691125, 47.231795187560181, 440.462 ], [ 7.836677240234052, 47.22918036467005, 442.64 ], [ 7.836488431472334, 47.227647672936882, 443.756 ], [ 7.837543669881489, 47.22715359077251, 445.206 ], [ 7.836584114272551, 47.226887952657123, 445.227 ], [ 7.837378419725412, 47.224813378490886, 452.55 ], [ 7.836652404718737, 47.223806224081564, 451.159 ], [ 7.837732268484568, 47.22284979572175, 452.036 ], [ 7.839767542225781, 47.222920046787834, 453.813 ], [ 7.839510062978782, 47.222392158034417, 454.633 ], [ 7.841295680005339, 47.222037716190925, 456.702 ], [ 7.841661052375727, 47.22074610526105, 456.651 ], [ 7.842440908353202, 47.221058248751909, 457.063 ], [ 7.84254634211789, 47.220132057477961, 458.129 ], [ 7.843685535241558, 47.220005339019622, 462.091 ], [ 7.843716890449633, 47.2180840266915, 461.886 ], [ 7.846916109672197, 47.217230720146858, 468.438 ], [ 7.846673745120579, 47.214976091482448, 466.833 ], [ 7.848736128480142, 47.212235630819869, 472.033 ], [ 7.849148922250077, 47.209797491403876, 474.848 ], [ 7.85192823201927, 47.208419213773993, 480.67 ], [ 7.852051231025564, 47.206605870447774, 480.798 ], [ 7.854454500649591, 47.204438377275473, 485.557 ], [ 7.853636310099456, 47.203467996156078, 484.669 ], [ 7.854666895564358, 47.203524736682049, 485.717 ], [ 7.85629269196836, 47.200684305038756, 488.935 ], [ 7.859940113951366, 47.198673851687929, 493.499 ], [ 7.859401179080091, 47.197880695398148, 495.214 ], [ 7.860849013939947, 47.194056341148524, 502.565 ], [ 7.859498492667835, 47.193329162813043, 503.508 ], [ 7.859966046043729, 47.192377672258822, 506.038 ], [ 7.861307303668919, 47.191491663447103, 506.452 ], [ 7.863259411013886, 47.191742066076621, 508.825 ], [ 7.863517077243314, 47.190171444611842, 512.182 ], [ 7.865317947908056, 47.189501359779989, 514.024 ], [ 7.864930225677868, 47.18839177741188, 515.146 ], [ 7.867593011390564, 47.187391808625478, 519.012 ], [ 7.86934478770442, 47.185587860536657, 522.031 ], [ 7.875878004790469, 47.183220530934555, 531.419 ], [ 7.876969077533341, 47.180696409690462, 534.648 ], [ 7.880396339847882, 47.177852967341863, 542.616 ], [ 7.879425271552863, 47.177527328998842, 541.747 ], [ 7.881074817530033, 47.176156159896877, 546.821 ], [ 7.880667559121485, 47.174805952805706, 548.053 ], [ 7.882724719235361, 47.173945300519506, 552.202 ], [ 7.883264196594966, 47.172740602537814, 554.163 ], [ 7.876816760170488, 47.167039897441228, 569.887 ], [ 7.875384016650875, 47.161557724532507, 585.871 ], [ 7.876300320074585, 47.156015184798683, 603.989 ], [ 7.879666657318201, 47.149405254000193, 629.238 ], [ 7.890104067977084, 47.140726185076772, 678.116 ], [ 7.889364493388245, 47.139227084837096, 683.398 ], [ 7.890585750645956, 47.137627346291609, 692.789 ], [ 7.889310990547041, 47.135847939658916, 706.784 ], [ 7.890007550109964, 47.134583991616431, 722.265 ], [ 7.888480161426494, 47.134438395906578, 726.732 ], [ 7.88980366458623, 47.132037446914126, 725.788 ], [ 7.886499034542393, 47.131687289490849, 704.884 ], [ 7.886182543177429, 47.128581613555617, 617.508 ], [ 7.870202519706687, 47.122828033976319, 639.554 ], [ 7.867119436857124, 47.119505017768226, 653.488 ], [ 7.866928990863475, 47.11660170037139, 663.352 ], [ 7.868776800328063, 47.116970488186141, 670.385 ], [ 7.870048105101167, 47.115908440528528, 677.497 ], [ 7.868151244632122, 47.111975763589072, 678.747 ], [ 7.874954875644235, 47.109437066330692, 701.128 ], [ 7.872914929091434, 47.104302421579703, 742.519 ], [ 7.876196027579564, 47.101658075114216, 763.999 ], [ 7.873598166246547, 47.09784364417353, 718.803 ], [ 7.879514153817667, 47.095522365083049, 739.303 ], [ 7.879757481830715, 47.094523011447258, 756.253 ], [ 7.877908085965546, 47.092947674590576, 790.734 ], [ 7.879822551501507, 47.091898737768602, 786.759 ], [ 7.880722302158862, 47.088602343931328, 838.322 ], [ 7.881648565568511, 47.088755456690031, 837.777 ], [ 7.880471676167017, 47.08449948306432, 836.901 ], [ 7.878308979618364, 47.082249190122283, 856.923 ], [ 7.880141625045819, 47.081266594291449, 831.973 ], [ 7.879344502602638, 47.080290634142933, 827.879 ], [ 7.876708939301276, 47.079653818530709, 818.569 ], [ 7.878965298946784, 47.078799926229991, 780.384 ], [ 7.877518165972154, 47.075359149385463, 865.333 ], [ 7.878200652406129, 47.074404939498585, 892.849 ], [ 7.876121956391801, 47.073452143494286, 890.264 ], [ 7.877283565266841, 47.071587762282519, 872.777 ], [ 7.873288716694148, 47.065583095168058, 896.023 ], [ 7.871621955058315, 47.064831502165845, 906.254 ], [ 7.8711646505206, 47.062524471470446, 935.574 ], [ 7.873148778383669, 47.062444170134221, 952.819 ], [ 7.873907800500633, 47.061706085369664, 962.148 ], [ 7.869554633385853, 47.058656095571962, 986.581 ], [ 7.866208181818678, 47.054190967796444, 1025.884 ], [ 7.866021848617041, 47.053419868083978, 1018.929 ], [ 7.867514892271616, 47.053127515985757, 973.673 ], [ 7.868124427911071, 47.051844205938373, 1007.977 ], [ 7.866448158287186, 47.049792407153113, 1061.191 ], [ 7.869801083819227, 47.047387535680357, 1115.96 ], [ 7.870912839112849, 47.045164269031361, 1126.04 ], [ 7.872463541602128, 47.04475709944321, 1125.926 ], [ 7.874764287068357, 47.040961350606054, 1161.976000000000113 ], [ 7.88159594701412, 47.040592814313868, 1158.784000000000106 ], [ 7.883948267218708, 47.037172483942022, 1188.151 ], [ 7.883066020927307, 47.035230906332281, 1175.473 ], [ 7.884072886325271, 47.033277099762742, 1146.732 ], [ 7.888871537157837, 47.030894352250336, 1124.512 ], [ 7.892373365032047, 47.030101564645413, 1153.087 ], [ 7.894094973859093, 47.027624172500417, 1208.762 ], [ 7.893281978955815, 47.024721708821509, 1246.801 ], [ 7.894754550864712, 47.022165945306099, 1233.102 ], [ 7.896830067329395, 47.021423803606282, 1233.773999999999887 ], [ 7.900541358270902, 47.017977887248598, 1227.173 ], [ 7.896932678539478, 47.013037896891234, 1252.878 ], [ 7.8989722999441, 47.008693336213121, 1279.393 ], [ 7.901831322390188, 47.006253118031651, 1360.141 ], [ 7.907347634898958, 47.006854927995107, 1325.130000000000109 ], [ 7.913160775988032, 47.008580738205929, 1278.9 ], [ 7.916241995777788, 47.008517673582162, 1192.806 ], [ 7.922873746896789, 47.010553987919394, 1235.965999999999894 ], [ 7.925070026273877, 47.010374064135839, 1266.268 ], [ 7.927079268682524, 47.006868929956887, 1312.148 ], [ 7.932669208705848, 47.004249347679988, 1365.666 ], [ 7.939524724611271, 47.004664175275735, 1404.202 ], [ 7.941149202620239, 47.005637602182183, 1382.309 ], [ 7.949007911509847, 47.005709874358807, 1324.616 ], [ 7.950083933720728, 47.007045203074625, 1371.717 ], [ 7.956210282781929, 47.003424187431591, 1346.277 ], [ 7.953964657376335, 47.002008944545857, 1277.122 ], [ 7.952032113506896, 46.996586278118933, 1288.173 ], [ 7.949455820108603, 46.995248889852725, 1241.939 ], [ 7.948247912498926, 46.993302891635246, 1241.949 ], [ 7.950087330541267, 46.988309186946644, 1254.731 ], [ 7.949527360309268, 46.987332921175508, 1261.915 ], [ 7.952434816943605, 46.981258499337251, 1266.3900000000001 ], [ 7.943915727504668, 46.97718348844176, 1206.005000000000109 ], [ 7.944868617997744, 46.969639310879622, 1208.958 ], [ 7.946123855702727, 46.968851034506763, 1237.193 ], [ 7.945360604653612, 46.967844555871572, 1238.44 ], [ 7.94010297404513, 46.964744538053374, 1242.682 ], [ 7.936176512795367, 46.964406503911576, 1197.345 ], [ 7.932244113672425, 46.961650769003647, 1163.175 ], [ 7.931532541086766, 46.960183630252999, 1161.246 ], [ 7.93257245817485, 46.957376818010125, 1139.818 ], [ 7.931513985646544, 46.955850914222488, 1151.23 ], [ 7.932321754987607, 46.953717667064602, 1149.548 ], [ 7.930943608174031, 46.949713839715983, 1229.56 ], [ 7.929085623040672, 46.948186095682146, 1280.291 ], [ 7.926033597696409, 46.948337864507067, 1271.375 ], [ 7.924599619144363, 46.947171292702066, 1252.854 ], [ 7.921682675405893, 46.946733915074667, 1240.984 ], [ 7.920864192966054, 46.941818622087347, 1212.227 ], [ 7.918028184842384, 46.939224630952467, 1185.742 ], [ 7.915264932879464, 46.934637718698674, 1183.93 ], [ 7.912517313863535, 46.933087156254906, 1215.375 ], [ 7.907931393623958, 46.932686910000754, 1169.238 ], [ 7.904109021757048, 46.933206612279761, 1117.171 ], [ 7.902388376342088, 46.93435604875804, 1083.122 ], [ 7.897503622552663, 46.934637759087835, 918.777 ], [ 7.893559296909626, 46.932476768184941, 879.236 ], [ 7.874741568619003, 46.926270643882937, 801.428 ], [ 7.872663436947877, 46.924293125176135, 790.291 ], [ 7.867029299317259, 46.914774338875631, 744.087 ], [ 7.872788426738795, 46.912954244879302, 748.311 ], [ 7.875334423739145, 46.911015519726888, 750.333 ], [ 7.879920389080191, 46.911074944417592, 754.439 ], [ 7.883121985001474, 46.90663587121302, 761.884 ], [ 7.882192190595884, 46.905544329706615, 850.615 ], [ 7.882665332716771, 46.903535250817328, 899.979 ], [ 7.879798999212274, 46.901269032935247, 929.261 ], [ 7.879764256808956, 46.900390516782167, 938.158 ], [ 7.881800970168523, 46.899659095450723, 966.576 ], [ 7.878329930592828, 46.898735411038224, 1004.709 ], [ 7.875333022363297, 46.895762295122324, 1048.268 ], [ 7.872963354556838, 46.892203161364343, 1107.878 ], [ 7.873053054014411, 46.889674866934747, 1174.182 ], [ 7.870694420357887, 46.889584657192181, 1193.335 ], [ 7.867921767924808, 46.887070623067444, 1229.973 ], [ 7.859564151998709, 46.885792223121889, 1264.339 ], [ 7.856617266278522, 46.88348819080953, 1287.071999999999889 ], [ 7.856160721556364, 46.880853341468608, 1300.344 ], [ 7.857993333553016, 46.875381235367655, 1243.539 ], [ 7.857267387213086, 46.871458358484425, 1309.174 ], [ 7.857780421731847, 46.870754364706933, 1314.474 ], [ 7.861866374358542, 46.870571330928051, 1282.292 ], [ 7.864269514091943, 46.869558341845469, 1282.485 ], [ 7.864690329688972, 46.866284503450885, 1243.071999999999889 ], [ 7.86949921871948, 46.864348365666388, 1271.393 ], [ 7.869036316151135, 46.861046892580219, 1275.857 ], [ 7.867300410774093, 46.858680753393969, 1264.926 ], [ 7.868309199163942, 46.853916792027029, 1266.106 ], [ 7.867463798685253, 46.851071840383817, 1314.729 ], [ 7.870117667298521, 46.847575272627523, 1410.214 ], [ 7.870447078707, 46.843858794229888, 1345.894 ], [ 7.872722235913953, 46.842614477807999, 1264.083 ], [ 7.877082094326798, 46.837069819231886, 965.102 ], [ 7.904370528265433, 46.827564849766532, 1341.184 ], [ 7.922394367038558, 46.820007444390399, 1208.196999999999889 ], [ 7.928764656559019, 46.81646709118985, 1183.342 ], [ 7.946750238009323, 46.805250776661325, 1338.441 ], [ 7.953841793882424, 46.795776752172976, 1058.029 ], [ 7.952448494582913, 46.793151645163299, 1071.535 ], [ 7.954046971834602, 46.791209976041564, 1098.614 ], [ 7.968707902384071, 46.785128193263013, 1344.872 ], [ 7.969510971493724, 46.78247092765212, 1395.232 ], [ 7.973482872706152, 46.778365355462846, 1593.829 ], [ 7.975718110298316, 46.777306949701988, 1810.842 ], [ 7.981980147741626, 46.776418047528587, 2050.742000000000189 ], [ 7.984576384850596, 46.774989630902773, 2221.0949999999998 ], [ 7.99408783979155, 46.778887647993514, 2134.848 ], [ 7.99575094649813, 46.781770172688063, 2081.521000000000186 ], [ 8.004872976188556, 46.783212944761807, 2164.467 ], [ 8.014696095331965, 46.786713490431367, 2099.409000000000106 ], [ 8.016647600745983, 46.788057251864011, 2061.824999999999818 ], [ 8.025590367690146, 46.78967703963788, 2165.882999999999811 ], [ 8.031387244730791, 46.790250369625355, 2243.214 ], [ 8.031709424969332, 46.789593528703989, 2203.786 ], [ 8.03533991627876, 46.789372986335529, 2309.507999999999811 ], [ 8.038990780177727, 46.787591855773343, 2253.9050000000002 ], [ 8.044726228976417, 46.787099665218776, 2296.783 ], [ 8.046943399595854, 46.787114850566596, 2348.443000000000211 ], [ 8.050287943462557, 46.788337877634326, 2223.069 ], [ 8.055068037188763, 46.788436215833542, 2085.025 ], [ 8.059828717569356, 46.786391691179041, 2087.643999999999778 ], [ 8.064584931210668, 46.787002031382464, 2142.795 ], [ 8.069019903963321, 46.788647731858454, 2207.734 ], [ 8.075755844101224, 46.786002550703103, 2094.027 ], [ 8.090045244261708, 46.787642994255378, 2204.728999999999814 ], [ 8.090776977225524, 46.784365258905538, 2036.279 ], [ 8.096311247430933, 46.779528278127458, 1892.599 ], [ 8.099561673077503, 46.778271690953922, 1858.069 ], [ 8.102353406035613, 46.773799892230926, 1949.446999999999889 ], [ 8.106865834852885, 46.772884800286128, 2004.223 ], [ 8.111246518032333, 46.773813625662832, 1989.967 ], [ 8.118349852614809, 46.770955980812651, 1644.262 ], [ 8.121831845158612, 46.770372689973925, 1367.298 ], [ 8.135337645793546, 46.762650728939001, 1087.008 ], [ 8.138694857807304, 46.759544438115164, 1003.042 ], [ 8.146947528757355, 46.754836713551001, 1090.928000000000111 ], [ 8.149671704574127, 46.756992964314655, 1257.336 ], [ 8.158455297865702, 46.759242142645448, 1284.792 ], [ 8.159449837194558, 46.760516529495838, 1272.2650000000001 ], [ 8.162438992442283, 46.761263040752802, 1289.857 ], [ 8.162163448241172, 46.761868863301544, 1288.352 ], [ 8.16313285644042, 46.761309255126562, 1301.75 ], [ 8.164259519690402, 46.763400476310757, 1308.071999999999889 ], [ 8.166799500299392, 46.764019018783685, 1331.696999999999889 ], [ 8.167939443416104, 46.765353007988033, 1350.34 ], [ 8.172104353796254, 46.764135394430156, 1467.506 ], [ 8.174142062197397, 46.765435673751533, 1513.982 ], [ 8.189797263356803, 46.770314834345974, 2035.533 ], [ 8.193175930066282, 46.768427907339159, 1999.637 ], [ 8.196309740012023, 46.76792771621043, 1957.84 ], [ 8.203242294312707, 46.769375699554416, 2035.807 ], [ 8.208003267196922, 46.769456327743868, 2120.039000000000215 ], [ 8.212089630663595, 46.766361139204648, 2026.712 ], [ 8.219356282577069, 46.763533703535842, 2024.44 ], [ 8.220429224569473, 46.761497682540835, 2037.333 ], [ 8.221976490919097, 46.76106436406117, 2027.729 ], [ 8.226873157159909, 46.761481364512392, 1906.059 ], [ 8.229794236813138, 46.761003888266487, 1982.549 ], [ 8.233546479617363, 46.761726318128204, 2099.02 ], [ 8.239072788561755, 46.769609099302443, 2322.869999999999891 ], [ 8.24029170705421, 46.769501697492053, 2328.0300000000002 ], [ 8.255183381842704, 46.764538817854103, 2390.079000000000178 ], [ 8.259385204049231, 46.763812541789711, 2458.804999999999836 ], [ 8.266683641018924, 46.757612210884098, 2453.996999999999844 ], [ 8.268694834761158, 46.754306410558868, 2484.648000000000138 ], [ 8.275518107362011, 46.7550847286482, 2327.148000000000138 ], [ 8.280990224283395, 46.754331384920221, 2222.556999999999789 ], [ 8.28349168804815, 46.753169464308137, 2255.485999999999876 ], [ 8.2913093220394, 46.758050436917586, 2200.869000000000142 ], [ 8.295860948768803, 46.75953832186201, 2174.581000000000131 ], [ 8.298245090310996, 46.762230941036606, 2135.177999999999884 ], [ 8.299551373014252, 46.761385991642641, 2061.856000000000222 ], [ 8.306629868677806, 46.764182422100852, 2026.932 ], [ 8.306891249345938, 46.765213205104949, 2052.357 ], [ 8.311562029666035, 46.768275866185327, 1982.652 ], [ 8.325823387982631, 46.775584913041378, 1929.501 ], [ 8.327681164759614, 46.777364015725396, 2007.613 ], [ 8.33102218178146, 46.778516221094492, 2032.269 ], [ 8.332927398417061, 46.780340534978521, 1988.276 ], [ 8.359922321272263, 46.782964619662337, 2421.576 ], [ 8.363547428636181, 46.784520307897431, 2399.231000000000222 ], [ 8.363799393102354, 46.786070228769866, 2413.452000000000226 ], [ 8.369356828748908, 46.788218317691161, 2642.02599999999984 ], [ 8.370808222320132, 46.788279775426588, 2636.75 ], [ 8.37735719356197, 46.785823004122889, 2519.041000000000167 ], [ 8.382324613486293, 46.780187314615183, 2309.217 ], [ 8.385771847896388, 46.778651895357761, 2235.664000000000215 ], [ 8.391165018539997, 46.777796519041019, 2293.194 ], [ 8.395229649471061, 46.771514553793239, 2563.621999999999844 ], [ 8.396393776611259, 46.765497320092344, 2964.536 ], [ 8.400798956934546, 46.766450518382321, 3001.533 ], [ 8.404672261429365, 46.768805772749317, 2910.788 ], [ 8.40751387812773, 46.769552645655644, 2887.556 ], [ 8.414639874145054, 46.774319874532608, 2731.143 ], [ 8.418017087009273, 46.774061071569655, 2730.239 ], [ 8.421088202509894, 46.772786365525036, 2887.587 ], [ 8.422676909443656, 46.770430242411472, 2971.489999999999782 ], [ 8.425900434682141, 46.77041045321738, 3039.175000000000182 ], [ 8.428045870551957, 46.771812502732686, 3039.112999999999829 ], [ 8.435498501730352, 46.772505948317175, 3211.768 ], [ 8.438438395317789, 46.772024783539273, 3199.773999999999887 ], [ 8.44215562310405, 46.769884808631403, 2583.217 ], [ 8.446623813143079, 46.770264605885366, 2650.223 ], [ 8.447118943644981, 46.768686692781642, 2665.06 ], [ 8.446132778124561, 46.766419685061834, 2719.268999999999778 ], [ 8.448397211140946, 46.764950265362614, 2835.413 ], [ 8.447345190833861, 46.757915068526231, 2926.630000000000109 ], [ 8.444081817547836, 46.755429581984245, 2787.851999999999862 ], [ 8.443562372654563, 46.753879790578509, 3022.628000000000156 ], [ 8.441197895782809, 46.75423990848202, 2959.014000000000124 ], [ 8.439042046807231, 46.752425442987736, 2950.998999999999796 ], [ 8.443772273288765, 46.747099569504599, 2852.324999999999818 ], [ 8.440707425828764, 46.744438330102696, 2677.996999999999844 ], [ 8.44024305638983, 46.742640355195512, 2770.7800000000002 ], [ 8.441498522249733, 46.741387142373121, 2694.248999999999796 ], [ 8.440696228274241, 46.738045459021798, 2563.706000000000131 ], [ 8.441996001450489, 46.735684602789519, 2592.092 ], [ 8.446897367524413, 46.732992224465882, 2481.856000000000222 ], [ 8.449720883482199, 46.729835820680151, 2304.731000000000222 ], [ 8.447078919838994, 46.727057363513204, 2295.005999999999858 ], [ 8.447430105104331, 46.714155330959549, 2776.581000000000131 ], [ 8.44896904787384, 46.712205074186869, 2840.821 ], [ 8.45407835640586, 46.710848554940256, 3316.996999999999844 ], [ 8.452147655842017, 46.704202097382229, 3262.101999999999862 ], [ 8.455163865076187, 46.69889990313704, 3501.406 ], [ 8.454462083276564, 46.698358646959854, 3470.0949999999998 ], [ 8.455074269562772, 46.697520158264552, 3466.835 ], [ 8.452895719953579, 46.693642127106237, 3325.786 ], [ 8.452292331759088, 46.68874209824547, 3314.297999999999774 ], [ 8.440812752214503, 46.685507656541454, 3168.137000000000171 ], [ 8.433292141716649, 46.686894854072811, 3138.033 ], [ 8.428190229768228, 46.686061555907408, 3156.021000000000186 ], [ 8.422960638285877, 46.687108099727503, 3136.804 ], [ 8.414810305987848, 46.687435912533552, 3375.518999999999778 ], [ 8.414465437622098, 46.689552266887304, 3328.757999999999811 ], [ 8.412232109225478, 46.690712408994251, 3396.355 ], [ 8.408334326647745, 46.690505304123008, 3315.886 ], [ 8.399617128401946, 46.692873091658434, 3297.257999999999811 ], [ 8.398615628142361, 46.690855022649892, 3298.163 ], [ 8.3995218422845, 46.687807202449804, 3361.337 ], [ 8.397363663212875, 46.684247687683566, 3443.917 ], [ 8.397601022064457, 46.682472387337896, 3369.242000000000189 ], [ 8.398899527096392, 46.681554921230841, 3443.293999999999869 ], [ 8.398061377069379, 46.674225867678686, 3328.074 ], [ 8.400534359027992, 46.672526661177905, 3392.221 ], [ 8.402338966797274, 46.668666069361734, 3289.806999999999789 ], [ 8.408433952636601, 46.665624764633023, 3335.659000000000106 ], [ 8.410272722771859, 46.65293884123475, 3496.295 ], [ 8.398978886762821, 46.654047836516533, 3398.434000000000196 ], [ 8.394754476394018, 46.646055603576066, 3281.023000000000138 ], [ 8.390074844539825, 46.643871425325514, 3098.819 ], [ 8.380149543456795, 46.634155112853861, 3214.4699999999998 ], [ 8.374112397582232, 46.632769003544482, 3320.806999999999789 ], [ 8.371421835333663, 46.63410950810384, 3366.146000000000186 ], [ 8.372421474603412, 46.632980911543726, 3291.835 ], [ 8.369314108912139, 46.628710494988916, 3250.313000000000102 ], [ 8.368512479659024, 46.623940376306372, 3153.475 ], [ 8.368740989360909, 46.620588120050506, 3120.110999999999876 ], [ 8.370959718692159, 46.618865350590603, 3090.101999999999862 ], [ 8.370519918588196, 46.613935296538564, 3038.681 ], [ 8.368527085958867, 46.609189825348956, 3047.880000000000109 ], [ 8.365792230151182, 46.606713389178296, 3091.094 ], [ 8.365119108387292, 46.604013076556441, 3047.982 ], [ 8.361897805274056, 46.60178367168308, 3172.837 ], [ 8.362275934172496, 46.599736939971521, 3118.97400000000016 ], [ 8.361384870609083, 46.598046197732472, 3161.257999999999811 ], [ 8.363456829292167, 46.592490064530772, 3164.878000000000156 ], [ 8.361430580465052, 46.589853604800211, 3039.268999999999778 ], [ 8.360597723338762, 46.586299303008623, 2822.949 ], [ 8.36467586521878, 46.582475942525299, 2661.219 ], [ 8.360420866507273, 46.577762454094163, 2580.909999999999854 ], [ 8.351523414708112, 46.571736399701564, 2481.768 ], [ 8.351840123962983, 46.569462266932739, 2480.003000000000156 ], [ 8.350645046250191, 46.568359291236305, 2472.491 ], [ 8.348688040251339, 46.567870336524514, 2429.342 ], [ 8.343949157668902, 46.564215153657095, 2305.674 ], [ 8.336608383762819, 46.56112042393223, 2163.583 ], [ 8.327310912036847, 46.559896267278347, 2353.038 ], [ 8.321443215112977, 46.56007745308731, 2476.777 ], [ 8.316630148184169, 46.559026729487961, 2570.958999999999833 ], [ 8.312557665791314, 46.554362564082787, 2661.391 ], [ 8.312721285322731, 46.552511702268717, 2764.376000000000204 ], [ 8.303332886032583, 46.545709243553148, 2733.85 ], [ 8.296210295433458, 46.544517525204064, 2694.893999999999778 ], [ 8.293883449583333, 46.545042056705498, 2741.112999999999829 ], [ 8.292744397924945, 46.543993463230166, 2699.6 ], [ 8.287377463934579, 46.543087949272817, 2854.023000000000138 ], [ 8.284004934247708, 46.538659214607016, 2816.105 ], [ 8.279587058763839, 46.536098812245541, 2788.465000000000146 ], [ 8.273247625221915, 46.536465081881332, 2808.991 ], [ 8.268462620106247, 46.534176372015111, 2838.806999999999789 ], [ 8.262982923220589, 46.533477374108145, 2846.539000000000215 ], [ 8.262157235214449, 46.531704619744296, 2837.210999999999785 ], [ 8.258060279395442, 46.529403185692367, 2853.833 ], [ 8.250810207538258, 46.529238480548479, 2863.851000000000113 ], [ 8.241765076308154, 46.526549430837917, 2937.163 ], [ 8.238256575767512, 46.527124785217509, 3068.184000000000196 ], [ 8.234472884347403, 46.526525769456775, 3032.302999999999884 ], [ 8.232075476687978, 46.52733665320622, 2965.223 ], [ 8.227757230347352, 46.526314607094953, 3037.041000000000167 ], [ 8.225820455847138, 46.526902057475596, 2984.46 ], [ 8.216887922603982, 46.526292783275956, 3032.857 ], [ 8.210528358683705, 46.525282374007183, 3115.617000000000189 ], [ 8.20545288576551, 46.522961831414577, 3128.848 ], [ 8.200580620833522, 46.524039126015218, 3122.202000000000226 ], [ 8.191173965225587, 46.523055998993406, 3197.168999999999869 ], [ 8.184747821448655, 46.520358426446116, 3462.792 ], [ 8.180721627060853, 46.520344103304652, 3477.145 ], [ 8.178989786666566, 46.522788011652978, 3399.964 ], [ 8.17449019530943, 46.524216915731884, 3332.371 ], [ 8.174507975900763, 46.531413888833129, 3631.210999999999785 ], [ 8.169565629125337, 46.530957445523896, 3407.447000000000116 ], [ 8.163391639567296, 46.532064744860008, 3434.056999999999789 ], [ 8.160580252845129, 46.530916329885891, 3383.896000000000186 ], [ 8.158210191185885, 46.531636058986287, 3395.244999999999891 ], [ 8.149758443823847, 46.531647132334726, 3551.652 ], [ 8.140486590559833, 46.534952418798255, 3408.356000000000222 ], [ 8.136630826075443, 46.534692046557907, 3435.315 ], [ 8.133709796129303, 46.536067602192546, 3535.663 ], [ 8.126400471984399, 46.537170707112224, 4269.379 ], [ 8.114171036150355, 46.546687441447872, 3941.920999999999822 ], [ 8.105031691967506, 46.548608347295087, 3735.467 ], [ 8.101829930872727, 46.547989311104416, 3720.675000000000182 ], [ 8.095385778264021, 46.548898951181755, 3658.554999999999836 ], [ 8.093671907139642, 46.551434660946938, 3697.139999999999873 ], [ 8.086973931889103, 46.551298307835914, 3747.601999999999862 ], [ 8.075797609097393, 46.555552126835494, 3895.815 ], [ 8.070726055750422, 46.553480728948536, 3839.304999999999836 ], [ 8.06208975624207, 46.552785147131026, 3902.507999999999811 ], [ 8.06146030657135, 46.551332119570027, 4049.351999999999862 ], [ 8.05467453839969, 46.555712308750458, 3785.648000000000138 ], [ 8.043131693836589, 46.556868681636864, 3638.052999999999884 ], [ 8.035024549870077, 46.559989554952232, 3692.143999999999778 ], [ 8.032591579707098, 46.562182696435237, 3607.570000000000164 ], [ 8.024867374136909, 46.561889656431916, 3531.335999999999785 ], [ 8.022012962152258, 46.562910475918827, 3533.773000000000138 ], [ 8.01479112021925, 46.563071356378458, 3567.554 ], [ 8.001439386775754, 46.557952074994994, 3987.096 ], [ 7.997300217977385, 46.558508734908507, 4105.348 ], [ 7.993331263242911, 46.556279671390151, 3948.878000000000156 ], [ 7.992612860200432, 46.554463548817722, 3800.789000000000215 ], [ 7.985884839581061, 46.547736180925668, 3561.882999999999811 ], [ 7.979579867969586, 46.547993352936238, 3465.813000000000102 ], [ 7.97824298177686, 46.547124757703173, 3466.056999999999789 ], [ 7.974128056115513, 46.546512056865282, 3564.539000000000215 ], [ 7.969800006634627, 46.544889328605244, 3807.443000000000211 ], [ 7.967766397169465, 46.541433392970269, 3976.023000000000138 ], [ 7.962996765193931, 46.539397167479088, 4075.235999999999876 ], [ 7.96257513112458, 46.536761217627223, 4158.283000000000357 ], [ 7.963374037844847, 46.535262911647727, 4016.639999999999873 ], [ 7.967430720596357, 46.53226788145178, 3955.556999999999789 ], [ 7.966550722821987, 46.530627498492073, 3952.251000000000204 ], [ 7.969334608672687, 46.528434574795014, 3703.402 ], [ 7.969099245900039, 46.526917941473293, 3773.268 ], [ 7.970571395652128, 46.526502177017008, 3743.813999999999851 ], [ 7.973058882220521, 46.523775328741728, 3665.783 ], [ 7.970624885737581, 46.521149213288524, 3638.184000000000196 ], [ 7.971311944896635, 46.518810052907895, 3659.583999999999833 ], [ 7.970537232197056, 46.516287683384427, 3802.859 ], [ 7.967589960947526, 46.512792367094896, 3980.606000000000222 ], [ 7.964183022616403, 46.512679867502683, 3887.675000000000182 ], [ 7.953494793636071, 46.507974800549661, 3959.831000000000131 ], [ 7.951343475432312, 46.508667285378323, 3897.094 ], [ 7.941770672004034, 46.507718699457079, 3807.862999999999829 ], [ 7.940887689082056, 46.506479611915644, 3736.335999999999785 ], [ 7.934522363362616, 46.503285830603701, 3731.637000000000171 ], [ 7.932643113069669, 46.498223798415253, 3888.949999999999818 ], [ 7.927503127633933, 46.49726797150462, 3824.965000000000146 ], [ 7.923461381396196, 46.495073365259699, 3753.851000000000113 ], [ 7.924895168643177, 46.493761003492779, 3709.626000000000204 ], [ 7.923634379211679, 46.491899521282491, 3719.768999999999778 ], [ 7.916790393034069, 46.491555156611106, 3627.945000000000164 ], [ 7.911592927566295, 46.486741707745871, 3734.429999999999836 ], [ 7.905845806631568, 46.487107288962783, 3671.594 ], [ 7.897657883752652, 46.482431483822303, 3324.110999999999876 ], [ 7.895305801340637, 46.48226816377796, 3332.264999999999873 ], [ 7.890846497883523, 46.483331092369333, 3380.635000000000218 ], [ 7.887061646972312, 46.480869419112672, 3468.199999999999818 ], [ 7.87835707415052, 46.478681992472161, 3726.909000000000106 ], [ 7.869925948846909, 46.477833912854187, 3524.658 ], [ 7.863675907559552, 46.478328434101243, 3309.313000000000102 ], [ 7.85032435899749, 46.477258370041454, 3510.81 ], [ 7.848188011837244, 46.478790976030389, 3554.136 ], [ 7.844661572893303, 46.478505279162448, 3440.616 ], [ 7.838181173960061, 46.47477879498129, 3252.268999999999778 ], [ 7.828503536693138, 46.470945296576282, 3176.909000000000106 ], [ 7.826222944096689, 46.46905273116186, 3159.21 ], [ 7.82653769692933, 46.467804581897077, 3119.527 ], [ 7.825465257553205, 46.467083790952231, 3121.356000000000222 ], [ 7.798330182083296, 46.458813991107178, 3164.784000000000106 ], [ 7.792630253941689, 46.453898449366832, 3181.697000000000116 ], [ 7.785992826675711, 46.451472316238124, 3187.585999999999785 ], [ 7.784519404691133, 46.449073440662303, 3183.219 ], [ 7.77941418165577, 46.446729623234269, 3198.992000000000189 ], [ 7.778479770587773, 46.44333754155339, 3075.121999999999844 ], [ 7.772209266199209, 46.442300592644109, 3152.629 ], [ 7.76882871213197, 46.43958229860511, 3123.982 ], [ 7.765957984197624, 46.439965065726753, 3193.364 ], [ 7.76350475058153, 46.437210032520532, 3052.971 ], [ 7.757988751222042, 46.434981479020593, 2954.139000000000124 ], [ 7.756465081826446, 46.435100980826086, 2993.068000000000211 ], [ 7.753924649599184, 46.432509182928897, 3020.568000000000211 ], [ 7.744222457482866, 46.428418355232651, 3293.065 ], [ 7.74079962310087, 46.425696140046945, 3161.297999999999774 ], [ 7.736054425057805, 46.424897689867045, 3039.956000000000131 ], [ 7.735094234258511, 46.423344090387097, 3013.223 ], [ 7.731381845703188, 46.422126599062196, 2983.302999999999884 ], [ 7.721865845455213, 46.421011882477067, 2832.704000000000178 ], [ 7.718009384842453, 46.418009924038522, 2728.563999999999851 ], [ 7.715595769847794, 46.414817243667123, 2693.837 ], [ 7.708524105543664, 46.413896987666519, 2761.193000000000211 ], [ 7.704012907220855, 46.416996245905501, 2972.67 ], [ 7.698825223062017, 46.419233355125719, 3297.848 ], [ 7.693609512927956, 46.424936603850597, 3689.393999999999778 ], [ 7.690322109991418, 46.424670404205457, 3665.826 ], [ 7.67845003477916, 46.428934421456852, 3629.460999999999785 ], [ 7.637206112478673, 46.44051208214357, 1909.923 ], [ 7.626085936801485, 46.445085800595912, 2377.049 ], [ 7.62443611348834, 46.441698737059511, 2384.254 ], [ 7.621150932305675, 46.439291995504931, 2466.775 ], [ 7.618483415927669, 46.43806871370294, 2452.577000000000226 ], [ 7.609650118259615, 46.436742890869347, 2591.688000000000102 ], [ 7.608349419696922, 46.434553220010891, 2653.367000000000189 ], [ 7.610234193509535, 46.428585017481481, 2782.476000000000113 ], [ 7.607504762396951, 46.424869995141407, 2727.985999999999876 ], [ 7.602942038474829, 46.422554545057089, 2640.539000000000215 ], [ 7.599838852898563, 46.422885430878473, 2618.679 ], [ 7.597389742379939, 46.420684076862997, 2604.223 ], [ 7.597650232813852, 46.419533178812145, 2596.734 ], [ 7.599528897422922, 46.418351883947388, 2659.726000000000113 ], [ 7.600190925291209, 46.415973588513502, 2843.070000000000164 ], [ 7.596820811436041, 46.413581410045587, 2814.786 ], [ 7.595749234130398, 46.411217766745665, 2817.800000000000182 ], [ 7.586446986959055, 46.413702635365397, 2950.706000000000131 ], [ 7.583532110259817, 46.417325096104605, 3134.726999999999862 ], [ 7.581554845237471, 46.417562937809102, 3109.65099999999984 ], [ 7.580976647450621, 46.416896802930239, 3054.592 ], [ 7.576909451198286, 46.417132411801269, 2944.415 ], [ 7.572094160298944, 46.414796043855468, 2876.824 ], [ 7.565527308824861, 46.414344883466143, 3034.301 ], [ 7.56262791364832, 46.413355740016179, 3208.943000000000211 ], [ 7.562377658389712, 46.412436340163339, 3242.214 ], [ 7.560876682751558, 46.413309541285209, 3185.246 ], [ 7.554589190862868, 46.413674908873666, 3116.909000000000106 ], [ 7.551274091245363, 46.412007897011705, 3117.601999999999862 ], [ 7.539398048071155, 46.411754178729666, 3187.938999999999851 ], [ 7.538477434223424, 46.410560004053913, 3178.039000000000215 ], [ 7.533896761138728, 46.409697820941382, 3237.839 ], [ 7.532644647823235, 46.407679541956561, 3229.221 ], [ 7.533578740474702, 46.407091864083036, 3204.014999999999873 ], [ 7.532113998175056, 46.406513835055499, 3220.523999999999887 ], [ 7.528608068860842, 46.400291931961284, 3243.574 ], [ 7.53385182534504, 46.397369009587337, 3135.623999999999796 ], [ 7.540805621264415, 46.394858509036119, 3133.636 ], [ 7.546994344641139, 46.394011271625899, 3144.732 ], [ 7.55526711682581, 46.388983964260582, 3178.382999999999811 ], [ 7.540742477207519, 46.383751078050324, 2755.65 ], [ 7.538568438145506, 46.38019602569539, 2707.867000000000189 ], [ 7.539092858545258, 46.377848895161634, 2855.148999999999887 ], [ 7.537972943006285, 46.377221728538977, 2911.637000000000171 ], [ 7.529219442127776, 46.375636723250025, 2961.800000000000182 ], [ 7.526958574864106, 46.374624656485665, 2968.065999999999804 ], [ 7.512753063261886, 46.376165982396316, 2801.268999999999778 ], [ 7.507407989634855, 46.375912095874845, 2839.177999999999884 ], [ 7.505677995435246, 46.374610833121189, 2807.496 ], [ 7.506061874225868, 46.373455952784845, 2789.248999999999796 ], [ 7.502914611728271, 46.371577169377069, 2851.21 ], [ 7.502454772962214, 46.370458651952859, 2870.521000000000186 ], [ 7.499058662653392, 46.369856505486261, 2934.054 ], [ 7.494728371483543, 46.371985529290505, 2866.632999999999811 ], [ 7.489264048778952, 46.370342948897438, 2877.06 ], [ 7.486855495792136, 46.370726663805399, 2926.878000000000156 ], [ 7.485318997606116, 46.371941227165877, 2877.719 ], [ 7.484617584728642, 46.379150818861191, 2686.429999999999836 ], [ 7.481416599913545, 46.384151337284038, 2811.715000000000146 ], [ 7.479401232993655, 46.385270336191411, 2898.112999999999829 ], [ 7.473290659289704, 46.383633739739913, 2947.327000000000226 ], [ 7.473326995833977, 46.381562720091992, 2904.054999999999836 ], [ 7.471124918418707, 46.380310677906436, 2859.29 ], [ 7.469735434541963, 46.378121651717862, 2885.005999999999858 ], [ 7.463636682032963, 46.378062955236501, 2872.72400000000016 ], [ 7.462136630819558, 46.376421244501607, 2950.514999999999873 ], [ 7.459029948648658, 46.378186030570404, 2749.973 ], [ 7.459114185261174, 46.381006863707412, 2562.042 ], [ 7.454331018971737, 46.383208861303693, 2509.938999999999851 ], [ 7.450626875985416, 46.384092395144094, 2430.02599999999984 ], [ 7.449069541773367, 46.383369479306083, 2442.154 ], [ 7.442404323858572, 46.383276347926241, 2429.954000000000178 ], [ 7.439778915144613, 46.384602546358821, 2526.672999999999774 ], [ 7.438630699969871, 46.386149326872946, 2685.598 ], [ 7.433391407204286, 46.38508411799841, 2559.205 ], [ 7.42741679510942, 46.380584964756487, 2595.768 ], [ 7.424762896463441, 46.381031749075319, 2593.739 ], [ 7.42262490458315, 46.380278480763401, 2600.533 ], [ 7.416858900696012, 46.38017484442851, 2713.585 ], [ 7.414971518735324, 46.378769249364794, 2744.101000000000113 ], [ 7.41156505570518, 46.378562857338608, 2759.884 ], [ 7.409225793419917, 46.377132433301668, 2747.121999999999844 ], [ 7.404296251125919, 46.376148824756278, 2737.172999999999774 ], [ 7.401000818442583, 46.374207579803993, 2769.184000000000196 ], [ 7.399399045371558, 46.376461519242518, 2830.438000000000102 ], [ 7.39286574138197, 46.373160499779296, 2937.658 ], [ 7.388383078038369, 46.368936123805121, 2761.429 ], [ 7.386457098939454, 46.369099299161604, 2807.158 ], [ 7.381539667953627, 46.364387913233799, 2832.239 ], [ 7.380059082975921, 46.36377020201153, 2854.737999999999829 ], [ 7.378170792229632, 46.364066253700813, 2886.014999999999873 ], [ 7.373825730667733, 46.360424487654043, 2972.996999999999844 ], [ 7.369080015280878, 46.358843273574998, 3090.322000000000116 ], [ 7.367660397978811, 46.357538403422623, 3100.818000000000211 ], [ 7.362638053175359, 46.35666685084631, 3226.857 ], [ 7.358950851212853, 46.353125102461249, 3201.356000000000222 ], [ 7.354921865968161, 46.350745411413335, 2943.005000000000109 ], [ 7.350944621883341, 46.351031524502652, 2765.429999999999836 ], [ 7.33805956957015, 46.346965993035234, 2984.969 ], [ 7.331600909720758, 46.346386519161697, 3033.17 ], [ 7.323918126009593, 46.34428405650155, 3043.679 ], [ 7.315834665166551, 46.343790425882709, 3029.538 ], [ 7.310456789431393, 46.348189332412851, 2941.967 ], [ 7.30783231942594, 46.35208764756495, 2907.98 ], [ 7.309999603614312, 46.355669147586177, 2741.563000000000102 ], [ 7.308230037984844, 46.358770476998764, 2644.145 ], [ 7.31021658104069, 46.359948201227191, 2620.329000000000178 ], [ 7.312545577946608, 46.36321615822483, 2680.0 ], [ 7.312768210135543, 46.370884675918056, 2722.702000000000226 ], [ 7.310285139958748, 46.375158906584723, 2806.777 ], [ 7.299057905706521, 46.366447122643415, 2001.369999999999891 ], [ 7.295506733465337, 46.365559087245067, 1982.61 ], [ 7.290515677458203, 46.367142962807669, 1958.146 ], [ 7.288047883073606, 46.365718389297307, 2024.339 ], [ 7.262303797306241, 46.35823894529959, 2579.52599999999984 ], [ 7.260181943969466, 46.354423718054221, 2503.185 ], [ 7.261514809111767, 46.353845540281917, 2506.465000000000146 ], [ 7.260984452900595, 46.35151515499085, 2594.587 ], [ 7.262467892209652, 46.34959964999279, 2600.165 ], [ 7.261265223280403, 46.348630607347872, 2617.068000000000211 ], [ 7.261574727488656, 46.3462422425795, 2691.880000000000109 ], [ 7.26017646176167, 46.344400989703885, 2818.08 ], [ 7.261289164132798, 46.342976865423154, 2681.092 ], [ 7.261138667259869, 46.340105867366191, 2784.813000000000102 ], [ 7.262720707738596, 46.338649722614143, 2916.110000000000127 ], [ 7.261804165349216, 46.337433777034299, 2924.143 ], [ 7.259150392032876, 46.33633039300728, 2843.833999999999833 ], [ 7.253488688135837, 46.330671566177209, 2861.612999999999829 ], [ 7.252046189465788, 46.329976220591924, 2847.712 ], [ 7.249647342821301, 46.330121187046444, 2795.491 ], [ 7.246424150739354, 46.327998512341729, 2778.818000000000211 ], [ 7.232432965405473, 46.32647176376404, 2732.552999999999884 ], [ 7.221488619696642, 46.329246364392361, 3122.839 ], [ 7.222700946110816, 46.348569487366866, 1961.876 ], [ 7.218850132390231, 46.357542427246692, 1479.508 ], [ 7.224414666160896, 46.359265066056686, 1436.130000000000109 ], [ 7.226202696322471, 46.359091404201187, 1427.901 ], [ 7.227819624726497, 46.361125195042234, 1400.253 ], [ 7.230062399392003, 46.361942596333925, 1375.212 ], [ 7.22806594444854, 46.36237511042588, 1415.512 ], [ 7.226223937092785, 46.364059870129871, 1505.424 ], [ 7.226319131231766, 46.365010574526337, 1544.72 ], [ 7.219653491970815, 46.36207086828702, 1617.583 ], [ 7.216299805369061, 46.36177051399801, 1651.958 ], [ 7.210952404530884, 46.367596337660473, 1917.169 ], [ 7.209634090712462, 46.372250984231066, 1865.281 ], [ 7.207228202110556, 46.373489140579323, 1820.134 ], [ 7.207413936498322, 46.37764316629076, 1703.7650000000001 ], [ 7.208317583360281, 46.378674435606499, 1667.556 ], [ 7.205643223355036, 46.379616747845951, 1724.365 ], [ 7.203447123534698, 46.378710014995143, 1856.756 ], [ 7.193717611736825, 46.378927947308412, 2194.016 ], [ 7.194938094660232, 46.384901397391708, 2120.71 ], [ 7.203739456045415, 46.397211420195546, 1957.651 ], [ 7.204530229285585, 46.400415538319244, 2048.851999999999862 ], [ 7.207783382197286, 46.402980668346686, 2090.621999999999844 ], [ 7.206935764681188, 46.408386387618364, 2091.214 ], [ 7.209867067457887, 46.416279490393002, 2346.204000000000178 ], [ 7.206769368396672, 46.419299963959396, 2322.33 ], [ 7.206349902594207, 46.42124447070762, 2290.871 ], [ 7.20361239412444, 46.422068006036135, 2234.527 ], [ 7.201793842317167, 46.423946691748874, 2136.783 ], [ 7.199150129945647, 46.429262473572741, 1948.880000000000109 ], [ 7.193242352400381, 46.433374792663322, 2047.219 ], [ 7.192541824652298, 46.435223555807198, 2070.208 ], [ 7.195137663708929, 46.440672830645831, 2453.969 ], [ 7.198752233767947, 46.440156104397353, 2346.166000000000167 ], [ 7.202105600775663, 46.440781783265464, 2269.117000000000189 ], [ 7.205147672696723, 46.439146008923622, 2089.337 ], [ 7.213136845566892, 46.439506603591859, 1898.136 ], [ 7.222569725182106, 46.442010392960533, 1899.51 ], [ 7.22567987723848, 46.445589246251899, 1522.41 ], [ 7.227029808537512, 46.449478718955795, 1631.428000000000111 ], [ 7.225973087666124, 46.451649187208822, 1558.064 ], [ 7.23232855240015, 46.453938867991262, 1439.34 ], [ 7.226363699432419, 46.457472115655293, 1611.003 ], [ 7.228892139212114, 46.458921927569499, 1701.215 ], [ 7.229816435889777, 46.461605176648959, 1774.223 ], [ 7.228901091801946, 46.462334826255621, 1816.879 ], [ 7.23091181837682, 46.466204743606099, 1853.137 ], [ 7.224980461502408, 46.477481113697252, 1452.688000000000102 ], [ 7.224142301781304, 46.486886824647662, 980.501 ], [ 7.22721522733046, 46.486308601189712, 984.244 ], [ 7.227498914820583, 46.487205467394226, 1034.744 ], [ 7.236189559505881, 46.488028325323263, 1029.625 ], [ 7.2355619674965, 46.492795708410149, 1132.783 ], [ 7.232586735645558, 46.494781386087062, 1023.577 ], [ 7.238971890635963, 46.496499127938776, 1048.25 ], [ 7.239567694649201, 46.495790406578053, 1053.221 ], [ 7.245259402517319, 46.502184040837079, 1091.195 ], [ 7.244475533571125, 46.50283686895645, 1096.638999999999896 ], [ 7.24498619235849, 46.505222795544817, 1109.969 ], [ 7.246572834895567, 46.506182621941065, 1116.444 ], [ 7.246413649035952, 46.508532902951288, 1130.413 ], [ 7.2483114051051, 46.510543457252439, 1147.857 ], [ 7.248730195387916, 46.51287464363201, 1161.304 ], [ 7.247376208831178, 46.514337480147539, 1173.138999999999896 ], [ 7.248969287996682, 46.517239784074008, 1198.179 ], [ 7.249185075593423, 46.521127573982909, 1223.444 ], [ 7.247953863493531, 46.522304021961915, 1233.196 ], [ 7.246820492512173, 46.530955139885158, 1295.148 ], [ 7.244734112246821, 46.533189902788052, 1320.974 ], [ 7.24593137098028, 46.537826559465302, 1386.783 ], [ 7.244568946065437, 46.540099147759676, 1427.169 ], [ 7.237154623631993, 46.546355005099549, 1627.973 ], [ 7.237075373698874, 46.55379459204481, 2235.264999999999873 ], [ 7.24704790479065, 46.556229568974075, 2115.699 ], [ 7.255731922261632, 46.560291857180871, 1955.125 ], [ 7.263846130765609, 46.567516396044212, 1927.763999999999896 ], [ 7.268092579685702, 46.573691055518545, 2120.389999999999873 ], [ 7.281355112414758, 46.584111202406724, 1994.497 ], [ 7.298096185060076, 46.579225697417144, 1186.76 ], [ 7.303521622061199, 46.579739711751614, 1261.106 ], [ 7.308042322190569, 46.581319449362809, 1363.131 ], [ 7.31250248915318, 46.589177956884114, 1317.268 ], [ 7.32073019061591, 46.591859157026782, 1218.901 ], [ 7.314830157556488, 46.600419612825178, 1557.779 ], [ 7.31818058229065, 46.616134922414041, 1556.666 ], [ 7.317859615240154, 46.618568131105583, 1520.777 ], [ 7.312107258181997, 46.621704168045731, 1562.513999999999896 ], [ 7.313262963922226, 46.636624542533234, 2205.315 ], [ 7.320514157542705, 46.636798298837583, 2202.561000000000149 ], [ 7.324915749215466, 46.637722067831938, 2180.039000000000215 ], [ 7.329692874883786, 46.641833019341369, 2006.292 ], [ 7.327742936397862, 46.64633353517484, 1720.138999999999896 ], [ 7.321137778798795, 46.654617507063314, 2036.405 ], [ 7.323247165394372, 46.655337369880478, 2070.425000000000182 ], [ 7.329756331494742, 46.654616237727815, 2104.185 ], [ 7.331032360562395, 46.655300583318507, 2156.826 ], [ 7.334082653488162, 46.654699710170668, 2130.110999999999876 ], [ 7.340358335110978, 46.655625901904756, 2095.193000000000211 ], [ 7.345572916986987, 46.655338684509083, 2104.72400000000016 ], [ 7.347356001349013, 46.653405337395213, 2091.184000000000196 ], [ 7.35072429418129, 46.651633934851638, 2173.97400000000016 ], [ 7.350771298843641, 46.64796167871171, 2068.357 ], [ 7.354596634443539, 46.646656758466861, 2078.737999999999829 ], [ 7.355824789109999, 46.645361317525314, 2052.913 ], [ 7.35535902453554, 46.641749393855115, 1964.92 ], [ 7.357281833793576, 46.639283437698403, 1809.386 ], [ 7.358408441304705, 46.643877444398711, 1707.637 ], [ 7.361708886985332, 46.64623903301483, 1610.556 ], [ 7.362076959905454, 46.647904554826056, 1701.398 ], [ 7.366063181196513, 46.648960052645442, 1654.116 ], [ 7.377260223980231, 46.656262864725718, 1869.648999999999887 ], [ 7.369277513790013, 46.655580945528719, 2104.195000000000164 ], [ 7.371891380040346, 46.662659170209345, 1798.590999999999894 ], [ 7.371197218994201, 46.663658991891097, 1833.357 ], [ 7.372507397570337, 46.667540925301289, 1986.263999999999896 ], [ 7.371141235609786, 46.669390549707607, 1973.923 ], [ 7.376449236577022, 46.675027804671664, 2090.879 ], [ 7.372896366258128, 46.680152961314739, 1759.621 ], [ 7.377746154711389, 46.68354715171909, 1796.137 ], [ 7.375824885335598, 46.686396194808282, 1641.806 ], [ 7.375922761602835, 46.687765764676058, 1666.146 ], [ 7.380210065649115, 46.690185204255528, 1620.56 ], [ 7.376942046921103, 46.692711960011955, 1658.768 ], [ 7.374004801832224, 46.692144123565612, 1620.801 ], [ 7.368610079961438, 46.69261318497874, 1638.369999999999891 ], [ 7.36486438239077, 46.694966435570052, 1530.019 ], [ 7.362568868451462, 46.699182704732415, 1495.473 ], [ 7.360019052975804, 46.697952184994961, 1438.682 ], [ 7.345741511248061, 46.698940664857737, 1073.068 ], [ 7.346247246000261, 46.7022072446618, 1039.167 ], [ 7.349072858314423, 46.704897675259119, 1014.992 ], [ 7.350611156227965, 46.70854714233036, 988.675 ], [ 7.349509305003909, 46.71220472406705, 966.042 ], [ 7.341446082090161, 46.714210584329948, 942.188 ], [ 7.333881321583328, 46.714523102471212, 924.042 ], [ 7.328191437109615, 46.716624853600763, 909.048 ], [ 7.30991779842531, 46.718095832474283, 869.041 ], [ 7.307916129383922, 46.717179947578799, 864.712 ], [ 7.300526535955324, 46.722123971339769, 847.429 ], [ 7.296753156540695, 46.727810379455597, 833.351 ], [ 7.296857298547383, 46.737109729852655, 811.372 ], [ 7.304211798005138, 46.747783927290115, 785.52 ], [ 7.303203277046549, 46.753592072603126, 774.369 ], [ 7.303594392984698, 46.759189742974634, 763.589 ], [ 7.299866877296537, 46.763755341056616, 754.398 ], [ 7.298189757463775, 46.764102657258093, 752.538 ], [ 7.298805969757255, 46.765134268317937, 750.255 ], [ 7.295935492194012, 46.765460003657758, 746.895 ], [ 7.293193101642943, 46.76826174226553, 741.826 ], [ 7.293067457885553, 46.771362960708259, 737.102 ], [ 7.290468734915856, 46.772049524840163, 733.039 ], [ 7.291283956199137, 46.773341268240316, 730.355 ], [ 7.295314801289082, 46.775372986258688, 726.436 ], [ 7.296389871872372, 46.777286262169987, 723.143 ], [ 7.300810873678429, 46.779054644717867, 719.504 ], [ 7.301130928730546, 46.781343996895899, 715.546 ], [ 7.304472409697473, 46.78320553511206, 711.178 ], [ 7.302071438238065, 46.78638271462836, 705.018 ], [ 7.303508746256262, 46.788870568940027, 702.417 ], [ 7.301592543655012, 46.792827764933662, 696.893 ], [ 7.307480773932372, 46.79875914127792, 686.738 ], [ 7.310317007137539, 46.808020958796909, 674.161 ], [ 7.317457865551513, 46.813820382237594, 664.18 ], [ 7.320203025356502, 46.814806748303404, 661.536 ], [ 7.320460641624519, 46.815676734531898, 660.624 ], [ 7.318978713878576, 46.817025005829173, 657.945 ], [ 7.320946812339291, 46.821855579975768, 650.591 ], [ 7.319813240837452, 46.825151915184705, 645.166 ], [ 7.320252623553924, 46.826736682350166, 644.845 ], [ 7.328913332218592, 46.828997134735381, 636.801 ], [ 7.331226223667803, 46.831767409378713, 632.648 ], [ 7.329340449254502, 46.833944349702655, 629.658 ], [ 7.329255439101216, 46.835629753541276, 634.975 ], [ 7.324211315607315, 46.838559016748299, 725.458 ], [ 7.323328469033671, 46.840410899543862, 717.958 ], [ 7.308949672643215, 46.846267780245341, 707.712 ], [ 7.307547832898518, 46.847038330979657, 675.792 ], [ 7.307746242746648, 46.848078778225911, 665.575 ], [ 7.306126847995013, 46.849991069438516, 711.58 ], [ 7.302152681208224, 46.852036584783036, 716.667 ], [ 7.312072814371751, 46.855572463968805, 646.768 ], [ 7.312052743122718, 46.858678389938071, 644.417 ], [ 7.313515068231677, 46.859365612385567, 664.529 ], [ 7.312578783053098, 46.860727987629367, 668.426 ], [ 7.314225867739432, 46.860685264680178, 685.905 ], [ 7.314608188529965, 46.861912337368686, 681.667 ], [ 7.316408802447602, 46.86259359928237, 678.995 ], [ 7.317779394322841, 46.862266730803562, 682.279 ], [ 7.317392881779242, 46.860601722198652, 704.223 ], [ 7.320872254752479, 46.861541195815825, 693.26 ], [ 7.327009347997815, 46.86003544696792, 742.969 ], [ 7.327283919214765, 46.859235594164346, 748.977 ], [ 7.330699937958344, 46.857630520896862, 801.219 ], [ 7.327783812579987, 46.855940706708232, 805.063 ], [ 7.325757320847335, 46.856806680397447, 793.971 ], [ 7.323004880893242, 46.854765354006794, 765.464 ], [ 7.326035119663047, 46.851632709748934, 776.758 ], [ 7.331660428669762, 46.851180537025435, 755.891 ], [ 7.334233215984554, 46.852402167096429, 728.658 ], [ 7.335363169658475, 46.85043293688711, 715.727 ], [ 7.336669112332274, 46.851037430510971, 685.398 ], [ 7.336782376743928, 46.849789413244942, 641.631 ], [ 7.338209638044529, 46.849455595654412, 604.048 ], [ 7.347264903671786, 46.853753585740634, 593.655 ], [ 7.349339166381722, 46.853312573815714, 593.563 ], [ 7.354436619767403, 46.858753296254918, 584.574 ], [ 7.357717614677038, 46.860653855547056, 580.223 ], [ 7.359247767353047, 46.863107312978187, 577.762 ], [ 7.357943363389052, 46.865125842809469, 575.156 ], [ 7.35838464056488, 46.868796049902812, 573.275 ], [ 7.357381743338084, 46.870104229117068, 570.455 ], [ 7.353860834199611, 46.871295057420234, 567.557 ], [ 7.352528598522974, 46.875551143332061, 563.094 ], [ 7.353391222592038, 46.886756513951703, 552.7 ], [ 7.348305730580218, 46.889372727673766, 548.152 ], [ 7.325731489010121, 46.893732762603719, 535.649 ], [ 7.309350303981339, 46.891524392804158, 526.438 ], [ 7.296181500932242, 46.893769473712744, 518.727 ], [ 7.289379886555677, 46.893771051319568, 514.73 ], [ 7.286390817706152, 46.892694921600821, 513.049 ], [ 7.282452886313906, 46.889796669802031, 509.598 ], [ 7.280196527853778, 46.889598475528501, 508.482 ], [ 7.272590391023237, 46.892493133007186, 503.681 ], [ 7.266340765139312, 46.893608264552235, 500.792 ], [ 7.259305823308551, 46.89796915944823, 496.298 ], [ 7.244333948118995, 46.900374259292001, 489.019 ], [ 7.243143865743793, 46.897917079774203, 499.57 ], [ 7.236327504355065, 46.898095303831184, 501.163 ], [ 7.232025869458625, 46.900294155309126, 491.068 ], [ 7.230895657561828, 46.902401364893187, 486.946 ], [ 7.229130677748016, 46.902298059033853, 487.549 ], [ 7.228914280865406, 46.903213082957784, 487.122 ], [ 7.230323492024259, 46.90394139832474, 482.296 ], [ 7.223514311529486, 46.902765605484205, 482.729 ], [ 7.21754896289835, 46.897346514298746, 483.0 ], [ 7.212441147877091, 46.901729398318572, 536.575 ], [ 7.208802176377019, 46.902606083777911, 549.238 ], [ 7.20392648106966, 46.90197899268194, 539.129 ], [ 7.199950966831591, 46.902459663491356, 539.409 ], [ 7.196874213907636, 46.900954230196163, 546.045 ], [ 7.195315366248796, 46.899005573011763, 550.109 ], [ 7.187706669738406, 46.900361516955108, 536.961 ], [ 7.198792674303646, 46.903759129300838, 545.919 ], [ 7.204330473752036, 46.906310209139853, 547.747 ], [ 7.20527233136825, 46.908258858802562, 521.746 ], [ 7.207808836811406, 46.909134614156791, 515.671 ], [ 7.205990387652755, 46.912660137790411, 510.42 ], [ 7.205776164173091, 46.914773191580906, 506.046 ], [ 7.207071061092186, 46.916476195941144, 504.432 ], [ 7.205069274712775, 46.921692221489089, 500.419 ], [ 7.206829571719308, 46.921986908542863, 532.394 ], [ 7.206919641773702, 46.924807297919862, 514.658 ], [ 7.211101004439109, 46.925267985394143, 513.086 ], [ 7.211346129524459, 46.927875063220036, 512.613 ], [ 7.212684067843778, 46.928454767977932, 509.827 ], [ 7.211712970422052, 46.931236030454137, 514.432 ], [ 7.210434634203917, 46.931048625114485, 510.086 ], [ 7.209301694922448, 46.933342359749346, 513.201 ], [ 7.208234806128297, 46.93323082567052, 510.811 ], [ 7.204224639989622, 46.937423338264196, 525.316 ], [ 7.203001930928297, 46.937343522408867, 529.069 ], [ 7.204384526681323, 46.939096393349033, 482.536 ], [ 7.201959891879841, 46.939298347692002, 480.542 ], [ 7.203795220522388, 46.939522004185093, 480.148 ], [ 7.20358969384381, 46.940538842913554, 483.837 ], [ 7.205797224912021, 46.940228844520156, 479.331 ], [ 7.205499968749304, 46.941119298425946, 494.341 ], [ 7.207824498112638, 46.942071260717022, 491.152 ], [ 7.20950673413257, 46.941878213041228, 475.167 ], [ 7.210266921090343, 46.943023300756536, 473.488 ], [ 7.209516195534186, 46.944831983406949, 471.473 ], [ 7.210440265794603, 46.945688661087033, 470.12 ], [ 7.210112285179941, 46.947809975336767, 468.008 ], [ 7.207717878990155, 46.949166000922119, 466.563 ], [ 7.208855227866526, 46.954348323863705, 462.139 ], [ 7.210999549621693, 46.95657591432262, 459.038 ], [ 7.208376731314433, 46.957681069855276, 457.898 ], [ 7.207420736682991, 46.959673010765286, 454.966 ], [ 7.200005915849538, 46.959085975351712, 450.913 ], [ 7.197639000905236, 46.960654214442606, 450.613 ], [ 7.19459328157574, 46.961353475417681, 450.438 ], [ 7.194626304098976, 46.962904192145913, 450.144 ], [ 7.195517859405317, 46.964157724200497, 455.364 ], [ 7.196329292769723, 46.96365110660799, 462.188 ], [ 7.19794541910651, 46.964448670110791, 469.348 ], [ 7.19929844617576, 46.963799214501229, 478.932 ], [ 7.206463490758463, 46.964128236739185, 489.128 ], [ 7.207453721401174, 46.967513814441077, 487.33 ], [ 7.214222815368656, 46.966925701479369, 493.931 ], [ 7.21466799590562, 46.971328915008677, 487.227 ], [ 7.217388959045602, 46.971468370090193, 483.966 ], [ 7.216864272428373, 46.972716143885926, 492.744 ], [ 7.222468761458653, 46.974539945390021, 500.753 ], [ 7.22163173161595, 46.975557622888864, 489.538 ], [ 7.228436870223443, 46.978498595703584, 511.78 ], [ 7.233500396192402, 46.983656940111736, 513.008 ], [ 7.235689109967214, 46.984562062180906, 512.781 ], [ 7.234863984854324, 46.986756665326233, 511.063 ], [ 7.231613496716545, 46.989094642261101, 523.503 ], [ 7.228628324078936, 46.990015395524985, 517.952 ], [ 7.229166315061568, 46.990681557373172, 517.952 ], [ 7.225945260002812, 46.992404420775834, 489.899 ], [ 7.222223527585799, 46.993161838079224, 494.496 ], [ 7.22642395546324, 46.99697351754741, 488.965 ], [ 7.226248411805419, 46.998682634901719, 493.22 ], [ 7.225749835374388, 46.999153770361836, 495.43 ], [ 7.22312067272601, 46.998133160830207, 506.506 ], [ 7.221531843272751, 47.00211063666962, 511.24 ], [ 7.217786902741261, 47.006411272968194, 453.344 ], [ 7.215717140958684, 47.005209782537023, 451.51 ], [ 7.212990974288544, 47.006806030210406, 438.077 ], [ 7.210245258975724, 47.003947523810481, 438.025 ], [ 7.20509185764277, 47.00626543811677, 437.413 ], [ 7.200675588364298, 47.00165962830247, 436.919 ], [ 7.199381279273585, 47.001211214224035, 437.496 ], [ 7.196308520102809, 47.002130979301619, 437.145 ], [ 7.196674109395488, 47.000138577267244, 436.614 ], [ 7.156081166651094, 46.986034976952567, 432.398 ], [ 7.151726582575062, 46.986221131532986, 433.958 ], [ 7.148920492634234, 46.985277468985331, 433.29 ], [ 7.092300802163747, 46.976125619381733, 430.549 ], [ 7.089920916025459, 46.976641703513373, 431.164 ], [ 7.05778082056665, 46.976874205215012, 431.884 ], [ 7.040163360444474, 46.979844951892865, 430.548 ], [ 7.025108894186375, 47.006068468888735, 429.165 ], [ 7.030951431277287, 47.010976440450108, 429.023 ], [ 7.033285068130787, 47.01589074773954, 429.012 ], [ 7.033484697092265, 47.030337034327616, 429.004 ], [ 7.039236531018427, 47.03628438059431, 429.004 ], [ 7.050581588472189, 47.042314057464111, 429.005 ], [ 7.053979759903276, 47.043436295619451, 428.992 ], [ 7.065063813183887, 47.044903095223525, 428.96 ], [ 7.076080767141595, 47.050561351427973, 429.134 ], [ 7.087653811557879, 47.059737714056887, 429.19 ], [ 7.084314122797276, 47.064063254212023, 436.492 ], [ 7.081761295246874, 47.064602438282463, 440.374 ], [ 7.083146237585806, 47.066354747227138, 507.551 ], [ 7.08076550702976, 47.066414728691726, 515.155 ], [ 7.080328830730613, 47.067172580743069, 553.059 ], [ 7.080516615291909, 47.073209319901252, 721.641 ], [ 7.077004112081213, 47.07595932885269, 739.611 ], [ 7.087054339178074, 47.08155143400117, 854.967 ], [ 7.086821125442546, 47.085699214575953, 805.145 ], [ 7.075677631242701, 47.096263817098105, 801.137 ], [ 7.063252518303129, 47.099548375858781, 818.74 ], [ 7.057140806494225, 47.099685083473723, 831.482 ], [ 7.049284768128635, 47.104988819483218, 949.419 ], [ 7.040608423462822, 47.109006451146186, 1088.971 ], [ 7.028728930883142, 47.103675065119013, 1105.027 ], [ 7.023488627106963, 47.112201746904432, 1478.835 ], [ 7.031376533115891, 47.119632295277349, 1505.867 ], [ 7.039964298160994, 47.12465202677221, 1544.128 ], [ 7.038236720130452, 47.126441546559967, 1427.523999999999887 ], [ 7.03107536175736, 47.127317234652288, 1404.895 ], [ 7.028527382852169, 47.126920121208002, 1451.961 ], [ 7.025587772228254, 47.124137668881311, 1438.753 ], [ 7.010605196418678, 47.123227607186145, 1164.041 ], [ 7.007755559397842, 47.124229494366666, 1155.443 ], [ 7.006128249896214, 47.122915097030415, 1155.411 ], [ 7.001744044976631, 47.122195321558451, 1115.571999999999889 ], [ 6.999458432643141, 47.120247855886753, 1152.663 ], [ 6.995957996743239, 47.118889423690533, 1172.911 ], [ 6.974782263716452, 47.115261842925641, 1195.878 ], [ 6.948335044854712, 47.112420332459486, 1227.929 ], [ 6.939904118785074, 47.109159216844475, 1262.727 ], [ 6.939298063825476, 47.109732622883804, 1264.809 ], [ 6.936343637606434, 47.108730963528707, 1250.398 ], [ 6.929826952914993, 47.112598553446063, 1118.869999999999891 ], [ 6.926586300943825, 47.109151871140767, 1157.792 ], [ 6.915725600005151, 47.10378587195968, 1137.117 ], [ 6.907840563003672, 47.101302458411631, 1155.509 ], [ 6.886079299643919, 47.092003145489691, 1217.242 ], [ 6.866861678356478, 47.085119524314578, 1136.275 ], [ 6.871789014957457, 47.102862824321043, 1075.629 ], [ 6.880998389619926, 47.108393268192884, 1085.075 ], [ 6.888801848395416, 47.1311325270133, 1069.486000000000104 ], [ 6.881285422859777, 47.139576509376184, 849.404 ], [ 6.861491459789805, 47.165634521197781, 609.889 ], [ 6.863323832999695, 47.168446365754782, 768.508 ], [ 6.871969944610897, 47.174121148819395, 958.359 ], [ 6.876872531803349, 47.160865718547193, 795.199 ], [ 6.879878102473914, 47.158469146351827, 802.301 ], [ 6.879622177361475, 47.154272615224222, 807.956 ], [ 6.882473729454025, 47.153149328739161, 882.084 ], [ 6.883722714376887, 47.15040946341891, 918.023 ], [ 6.887633957152466, 47.151409857821896, 947.818 ], [ 6.892386596330275, 47.15380567672733, 989.563 ], [ 6.906093854368986, 47.157151409779019, 1049.785 ], [ 6.905717856240423, 47.157620013148971, 1053.717 ], [ 6.908161200802787, 47.158354992370235, 1055.575 ], [ 6.907493794857029, 47.159178822643028, 1052.305 ], [ 6.908326383633069, 47.159669211475901, 1046.171 ], [ 6.908912500118109, 47.158902129690595, 1055.492 ], [ 6.913879502006256, 47.162681447030238, 1052.842 ], [ 6.917195179504065, 47.163774965881551, 1032.456 ], [ 6.916671137428878, 47.164335221553934, 1045.261 ], [ 6.929886931829539, 47.169356921799576, 1028.443 ], [ 6.938203381228372, 47.17516158016857, 999.087 ], [ 6.939792751625402, 47.179946954057954, 1033.886 ], [ 6.941079646318316, 47.180915239249643, 1032.796 ], [ 6.940148997924158, 47.181639303298574, 1031.235 ], [ 6.941423570467779, 47.184533848164392, 1045.375 ], [ 6.952161722362312, 47.18735124533719, 1044.898 ], [ 6.952630055653702, 47.185706306545612, 1035.56 ], [ 6.955415637527008, 47.183892218226788, 1026.241 ], [ 6.953361161821753, 47.182764824998685, 1017.694 ], [ 6.956114986586733, 47.180655579273058, 1010.131 ], [ 6.960391969543333, 47.182046159246106, 1014.988 ], [ 6.970517288480884, 47.181335731822614, 1039.372 ], [ 6.977026484405396, 47.174937627126461, 1080.074 ], [ 6.980769806083086, 47.174287678883999, 1087.795 ], [ 6.986714503417881, 47.177490014066109, 1114.854 ], [ 6.986222353921138, 47.177937239046862, 1092.938000000000102 ], [ 6.990391170044838, 47.182582509571958, 1079.693 ], [ 6.98975123589391, 47.182992709202729, 1070.299 ], [ 6.994499001046176, 47.186989938591239, 1067.686 ], [ 6.996427161607202, 47.193334255347338, 1029.303000000000111 ], [ 7.009179939905934, 47.193854302910545, 1078.259 ], [ 7.023450362691484, 47.195705925345237, 1107.318 ], [ 7.030290042039582, 47.202282501532864, 1073.175 ], [ 7.036832727701159, 47.213411787313568, 1012.791 ], [ 7.04428753549128, 47.221859750563532, 985.538 ], [ 7.043669636836302, 47.223023419209227, 986.536 ], [ 7.04690083595862, 47.226713603483283, 985.596 ], [ 7.055241031686236, 47.229359109451472, 985.719 ], [ 7.058671632909723, 47.231190205767376, 1002.408 ], [ 7.05629250442546, 47.237818374867395, 1020.417 ], [ 7.057527734113417, 47.238607063411045, 1022.606 ], [ 7.056708617044069, 47.239462128671043, 1008.796 ], [ 7.05722642745674, 47.241037824026819, 1005.54 ], [ 7.05982665844803, 47.242802412428944, 1003.938 ], [ 7.068552620225899, 47.244081011715629, 1006.857 ], [ 7.079524587868568, 47.247764470109161, 1007.224 ], [ 7.07959597511761, 47.24340899856503, 1001.363 ], [ 7.081842658179279, 47.24341727169616, 1009.32 ], [ 7.085182775756932, 47.245380332243698, 1019.829 ], [ 7.087221050115147, 47.243474266429978, 1026.316 ], [ 7.08710718085765, 47.242407955895757, 1018.209 ], [ 7.088819100192795, 47.241573430622132, 1013.928 ], [ 7.085722987047847, 47.239974979170832, 1008.869 ], [ 7.088406881570341, 47.23701587475248, 1009.467 ], [ 7.096217129689101, 47.237033961846606, 1023.466 ], [ 7.097260857279898, 47.239545464985973, 1022.887 ], [ 7.103360811682124, 47.243109975342058, 1031.196999999999889 ], [ 7.11148066430623, 47.241899572226792, 1096.701 ], [ 7.11961277333266, 47.244017509777471, 1099.723 ], [ 7.128984844305243, 47.245016713867805, 1146.107 ], [ 7.139759802107221, 47.243184936710882, 1171.97 ], [ 7.140217516201241, 47.244183264938009, 1163.503 ], [ 7.147086094392039, 47.245342715474109, 1144.17 ], [ 7.15355565351403, 47.247658025412541, 1128.619999999999891 ], [ 7.155787265898823, 47.247545806238413, 1121.188000000000102 ], [ 7.153243457023043, 47.250988277388025, 1076.706 ], [ 7.149204570676122, 47.253857469895721, 1071.694 ], [ 7.15163503501794, 47.254609403868315, 1052.637 ], [ 7.151469681573681, 47.255510770204879, 1036.777 ], [ 7.148241158838509, 47.256247043889744, 1043.604 ], [ 7.14276932644333, 47.255747981209218, 1045.686 ], [ 7.143105288739825, 47.259482717938269, 983.633 ], [ 7.146205580594538, 47.259876121770731, 981.945 ], [ 7.148970434295699, 47.262192050873345, 1030.848 ], [ 7.149017223898555, 47.263216010436757, 1045.253 ], [ 7.147265009718464, 47.262631326254045, 1050.688000000000102 ], [ 7.145665229560636, 47.265321717440614, 1060.435 ], [ 7.148737005955792, 47.269041393266782, 1040.337 ], [ 7.168678292742998, 47.274727751627807, 1043.003 ], [ 7.167885896934395, 47.281352061209184, 987.375 ], [ 7.168490853295156, 47.283175192813594, 1004.081 ], [ 7.169165544876938, 47.283609399161506, 1008.262 ], [ 7.170234360007982, 47.283101211059822, 1012.116 ], [ 7.170238054483286, 47.28395072762612, 1010.577 ], [ 7.16901622854432, 47.28599309364224, 1028.413 ], [ 7.165207383203453, 47.286356893027204, 1031.619999999999891 ], [ 7.164685557966948, 47.28859920271352, 1030.893 ], [ 7.169356802981088, 47.290854941452224, 1006.945 ], [ 7.163387693761108, 47.293087156895304, 974.364 ], [ 7.163788237503449, 47.294057870184538, 974.311 ], [ 7.168641238160371, 47.294666481009507, 959.837 ], [ 7.174635632343738, 47.294075536833326, 957.577 ], [ 7.185378078023976, 47.295226412819545, 947.906 ], [ 7.187771288570784, 47.294793075375438, 942.06 ], [ 7.194565282409476, 47.295815163934876, 917.32 ], [ 7.205998955858634, 47.295470252175988, 933.867 ], [ 7.20917936640021, 47.294708854990731, 925.723 ], [ 7.206210702220941, 47.291987780530889, 971.242 ], [ 7.21018698366388, 47.288838679433475, 1010.83 ], [ 7.214875730915848, 47.289975455114359, 975.766 ], [ 7.223454331586126, 47.288143474563221, 600.849 ], [ 7.232280581669065, 47.28819720073642, 943.301 ], [ 7.242584356752969, 47.285221490822117, 994.776 ], [ 7.25826424862064, 47.285599054360148, 1037.946999999999889 ], [ 7.258307671088219, 47.286786248851797, 1052.686 ], [ 7.260979216860978, 47.287233121110205, 1048.94 ], [ 7.27779027035683, 47.28416928901003, 1116.395 ], [ 7.286018440527035, 47.285187903761035, 1095.492 ], [ 7.286182198718903, 47.285897230157971, 1091.357 ], [ 7.292086316060849, 47.285708334388701, 1117.771 ], [ 7.302022885885557, 47.287796582049999, 1147.335 ], [ 7.310730394483615, 47.288468065562604, 1135.0150000000001 ], [ 7.318915516591644, 47.28819577269109, 1150.746 ], [ 7.318782046877439, 47.28701387845075, 1135.348 ], [ 7.325211229567631, 47.287667345517555, 1109.654 ], [ 7.329175867994419, 47.288883767540824, 1100.189 ], [ 7.329936897505079, 47.287303347768493, 1080.28 ], [ 7.335455661819087, 47.288278763586383, 1066.366 ], [ 7.339228862013819, 47.282268752379764, 873.717 ], [ 7.347017042602178, 47.281204406610911, 712.425 ], [ 7.348571074364371, 47.278078777472921, 643.04 ], [ 7.350333222387675, 47.278084307454037, 623.399 ], [ 7.35282299846867, 47.273079511343269, 556.881 ], [ 7.354017658876019, 47.272665612177619, 551.673 ], [ 7.353889413088733, 47.27110762502079, 579.671 ], [ 7.342727072277622, 47.270083860053376, 691.708 ], [ 7.336645459236194, 47.268006934870584, 729.232 ], [ 7.337392147460759, 47.262498132495672, 856.866 ], [ 7.3414635843464, 47.262864016779659, 846.569 ], [ 7.34120232333037, 47.26130889319704, 918.484 ], [ 7.337491245388121, 47.258509407285864, 1006.785 ], [ 7.338407893484309, 47.255244008660746, 878.169 ], [ 7.340568250601651, 47.25503251061685, 762.461 ], [ 7.345354801613038, 47.247759544154043, 649.003 ], [ 7.356491590665666, 47.253801778234632, 1123.732 ], [ 7.364007346337431, 47.256141372822363, 1171.617 ], [ 7.365073705599243, 47.257614910617043, 1174.215999999999894 ], [ 7.36872421225087, 47.258535290303989, 1176.065 ], [ 7.37075682928645, 47.257043454993884, 1187.7 ], [ 7.376331681834049, 47.256096661997702, 1220.01 ], [ 7.38555097268213, 47.256301038302276, 1270.315 ], [ 7.389086680295703, 47.255992695713203, 1253.077 ], [ 7.390303740764418, 47.255223826850177, 1248.989 ], [ 7.391772029590912, 47.255904431754942, 1232.872 ], [ 7.39355954005066, 47.267096164791226, 684.622 ], [ 7.389370151310601, 47.274813196583089, 559.166 ], [ 7.392492707246055, 47.277952086907902, 541.41 ] ], [ [ 7.234200470936369, 46.929389747908928, 477.938 ], [ 7.23477345908349, 46.938276089661954, 515.461 ], [ 7.230939350464339, 46.939152169092544, 543.003 ], [ 7.230205586567582, 46.939952490441925, 533.342 ], [ 7.228200919093453, 46.93881228474001, 523.223 ], [ 7.229384267098265, 46.936897113277375, 520.841 ], [ 7.226120131949852, 46.935575968213691, 510.738 ], [ 7.22555060808579, 46.936330260869958, 510.119 ], [ 7.217451994153198, 46.933104396871173, 512.346 ], [ 7.218305083667559, 46.931428852391221, 516.583 ], [ 7.216816745512996, 46.931875915877846, 515.846 ], [ 7.215366467915412, 46.930749480237338, 518.475 ], [ 7.218541474144614, 46.924343002773497, 526.58 ], [ 7.225500654237308, 46.927244416060475, 522.04 ], [ 7.225551691258179, 46.926763635732343, 526.179 ], [ 7.228464322545475, 46.927740549267746, 523.367 ], [ 7.230803861682491, 46.929503895728857, 479.15 ], [ 7.234200470936369, 46.929389747908928, 477.938 ] ], [ [ 7.70080426911266, 47.161777003516711, 479.753 ], [ 7.694423989545634, 47.162005120527098, 509.615 ], [ 7.692520846388684, 47.164484019834013, 529.691 ], [ 7.687901079100844, 47.165254748300974, 533.783 ], [ 7.68851200765949, 47.16673030250719, 527.529 ], [ 7.685371684220216, 47.166300979753323, 517.989 ], [ 7.685061909263083, 47.165093235537483, 529.042 ], [ 7.681873393281428, 47.163285474641555, 525.355 ], [ 7.681830107309716, 47.162207583669513, 535.008 ], [ 7.679541938499276, 47.163151443606928, 499.955 ], [ 7.678171863600447, 47.161697620998893, 503.402 ], [ 7.674991699011382, 47.156442374503264, 499.24 ], [ 7.676062338331217, 47.156043237899716, 513.825 ], [ 7.675843360969989, 47.155230306936787, 530.461 ], [ 7.674428470250756, 47.153972892610312, 517.931 ], [ 7.675270590189018, 47.15324100822842, 538.37 ], [ 7.680105488114415, 47.154326955700171, 564.88 ], [ 7.682623384201471, 47.15414616160961, 569.038 ], [ 7.690158414311315, 47.152558817007815, 488.811 ], [ 7.693785525861447, 47.158128956764457, 486.14 ], [ 7.695663109175873, 47.157509118660172, 481.792 ], [ 7.70080426911266, 47.161777003516711, 479.753 ] ] ], [ [ [ 7.558346056660079, 47.322365439601434, 1141.232 ], [ 7.554164425203949, 47.323253673621942, 1124.98 ], [ 7.547616272567687, 47.321579294830379, 1144.943 ], [ 7.532037111125461, 47.321040538007146, 1190.283 ], [ 7.527758139618584, 47.322676420033361, 1152.0 ], [ 7.533488062829014, 47.331260404461915, 755.234 ], [ 7.534475934244397, 47.334549451850883, 798.299 ], [ 7.545278369086665, 47.339595075943421, 977.876 ], [ 7.549961951734218, 47.340861179599074, 1024.289 ], [ 7.549850692647389, 47.342723138516774, 994.408 ], [ 7.552206431496927, 47.345312781753975, 1072.869999999999891 ], [ 7.55648243626655, 47.343857674465312, 856.211 ], [ 7.556647454192333, 47.342091948519482, 885.724 ], [ 7.560463784887362, 47.34249494436785, 929.011 ], [ 7.572152011438872, 47.328953103220286, 1180.087 ], [ 7.571636543681389, 47.327130271455658, 1189.234 ], [ 7.56873031275061, 47.324346416664277, 1204.555 ], [ 7.561706094503629, 47.321429918123158, 1216.361000000000104 ], [ 7.558346056660079, 47.322365439601434, 1141.232 ] ] ], [ [ [ 7.119693327557331, 46.900549967353122, 569.673 ], [ 7.11768375614899, 46.905060500416226, 517.592 ], [ 7.119154522177555, 46.905622716528491, 515.766 ], [ 7.113232576375009, 46.910554946009611, 472.329 ], [ 7.114853102449134, 46.915836474252401, 475.727 ], [ 7.125280851326139, 46.918966189532249, 469.125 ], [ 7.126852769609736, 46.918875129613305, 475.304 ], [ 7.126671771247101, 46.917385132609404, 482.34 ], [ 7.131943083877935, 46.919307863751612, 507.952 ], [ 7.134663179468728, 46.919394335688906, 535.539 ], [ 7.136044342090193, 46.915308489727451, 544.076 ], [ 7.135483993326099, 46.911964428324247, 532.31 ], [ 7.138443056294886, 46.907543306256365, 553.063 ], [ 7.132711435266557, 46.907007953077397, 574.115 ], [ 7.132792135622915, 46.906471727821469, 585.962 ], [ 7.127257510112345, 46.904458820418817, 584.247 ], [ 7.123278086878439, 46.901750564011188, 605.063 ], [ 7.123905542364523, 46.901292395273067, 613.01 ], [ 7.123040887497704, 46.900196769319784, 616.78 ], [ 7.119693327557331, 46.900549967353122, 569.673 ] ] ] ] } },
{ "type": "Feature", "properties": { "NAME": "Neuchâtel", "KANTONSNUM": 24, "EINWOHNERZ": 179518, "ICC": "CH" }, "geometry": { "type": "Polygon", "coordinates": [ [ [ 7.040163360444474, 46.979844951892865, 430.548 ], [ 7.002427430299338, 46.986909146222231, 429.25 ], [ 6.928196307678074, 46.953397918309179, 429.258 ], [ 6.896230270678378, 46.925486179846956, 429.25 ], [ 6.865690140811739, 46.909575151762688, 429.25 ], [ 6.779825783191222, 46.85296088608456, 429.25 ], [ 6.75525943426474, 46.870459131134403, 430.05 ], [ 6.740000672552208, 46.871980467693945, 607.587 ], [ 6.733385461872176, 46.867901101569572, 626.732 ], [ 6.732508268892453, 46.868308847147453, 613.727 ], [ 6.733857435845324, 46.871616934795568, 616.961 ], [ 6.736795961712439, 46.873815575046009, 628.091 ], [ 6.740686083131564, 46.883325950370313, 632.949 ], [ 6.739993261252926, 46.884380569538727, 624.617 ], [ 6.738005419275754, 46.884562967558601, 630.867 ], [ 6.74010993587398, 46.894814427886686, 694.893 ], [ 6.720996399131645, 46.905384599647434, 1242.576 ], [ 6.716701252286843, 46.906076936302995, 1328.259 ], [ 6.717532849061028, 46.915862982472007, 1364.554 ], [ 6.720857905211973, 46.925826940669161, 1421.369 ], [ 6.723703191076553, 46.931118436464473, 1432.587 ], [ 6.720398922512048, 46.933327361497724, 1415.477 ], [ 6.720827567293764, 46.936090075726, 1412.931 ], [ 6.668517912160221, 46.920560380525316, 1070.712 ], [ 6.647224514075081, 46.910701740487141, 1099.363 ], [ 6.64548746188316, 46.906166694007389, 1132.106 ], [ 6.627105499167042, 46.888706165690742, 1268.577 ], [ 6.61463474956816, 46.888907836194349, 1139.109 ], [ 6.598620479105592, 46.883619893166475, 1218.51 ], [ 6.587630477366845, 46.88430814585648, 1246.605 ], [ 6.574803595897687, 46.880480916864101, 1293.023 ], [ 6.559903378580636, 46.874071874480926, 1313.702 ], [ 6.551434756230059, 46.872792095523771, 1367.154 ], [ 6.545171552601651, 46.868602394392141, 1454.925 ], [ 6.537763487345687, 46.866849015558678, 1403.824 ], [ 6.530587006675548, 46.860360125656776, 1469.215 ], [ 6.523310876334756, 46.856564332742934, 1346.045 ], [ 6.482107067792006, 46.846593170336156, 1203.369 ], [ 6.466520981948083, 46.847833498971653, 1114.27 ], [ 6.465362511473183, 46.85083359463129, 1068.590999999999894 ], [ 6.460032261557643, 46.85130358559941, 1084.35 ], [ 6.464618774855187, 46.890355973961576, 1180.253 ], [ 6.457925089419914, 46.900785610266112, 926.841 ], [ 6.441602730942703, 46.917562539264345, 1212.706 ], [ 6.435884596430323, 46.92163797558532, 1200.758 ], [ 6.432689907070142, 46.92868309504577, 1162.833 ], [ 6.446508037402698, 46.934072633578666, 1139.798 ], [ 6.453533938678491, 46.938741540223518, 1143.607 ], [ 6.460338087532796, 46.943835010432565, 1133.288 ], [ 6.462265440057411, 46.94714513931963, 1120.949 ], [ 6.469459778725023, 46.953165597875113, 1148.196 ], [ 6.477747948688806, 46.961777602501414, 1198.225 ], [ 6.496484310089185, 46.974144707444928, 1195.081 ], [ 6.504807072530471, 46.965693877512507, 1210.67 ], [ 6.518894054280413, 46.970977926823089, 1154.038 ], [ 6.537294962525944, 46.973465980863438, 1118.16 ], [ 6.573178949802232, 46.982417520851513, 1219.367 ], [ 6.593111509074963, 46.991804678523835, 1241.571 ], [ 6.599952018220028, 46.992541363815199, 1189.746 ], [ 6.599990712684983, 46.991754926202312, 1188.444 ], [ 6.603407712040928, 46.991874810429188, 1156.486000000000104 ], [ 6.604729959475753, 46.991051614901941, 1131.378 ], [ 6.610456006821902, 46.990716584949098, 1140.575 ], [ 6.617973787136625, 46.991647077848633, 1165.943 ], [ 6.627570290139961, 46.996367444833375, 1117.095 ], [ 6.633576874781242, 46.998151171237403, 1086.321999999999889 ], [ 6.640355804206558, 47.002811857583829, 1075.546 ], [ 6.64604552932254, 47.00956097418409, 1092.449 ], [ 6.653623512767957, 47.022342892072189, 1130.352 ], [ 6.659196308853316, 47.027343288407771, 1174.842 ], [ 6.677219897260685, 47.035305257377459, 1261.592 ], [ 6.68585287911267, 47.03744946680311, 1184.048 ], [ 6.696540350464101, 47.037307051978516, 1128.013999999999896 ], [ 6.705815187914471, 47.044328503890483, 1058.348 ], [ 6.708832300708498, 47.044976393900917, 1067.154 ], [ 6.711506252857823, 47.048041146089226, 1106.215999999999894 ], [ 6.719171129979341, 47.051183025226052, 923.286 ], [ 6.719371272016223, 47.052121377488952, 847.076 ], [ 6.711163112946307, 47.054129581673159, 802.482 ], [ 6.708806153456115, 47.058061778189973, 783.042 ], [ 6.707472333032484, 47.057751235760399, 780.102 ], [ 6.704343284074614, 47.059140303861895, 767.697 ], [ 6.701864436255623, 47.05860067800571, 758.654 ], [ 6.700386732538075, 47.059340436407112, 756.087 ], [ 6.69953297728357, 47.061284510356067, 754.581 ], [ 6.6962613865165, 47.063566996735368, 751.379 ], [ 6.695206443691745, 47.062515055877412, 751.15 ], [ 6.691507123903968, 47.066674540237251, 745.413 ], [ 6.693404704002343, 47.068935703584366, 744.617 ], [ 6.701150409106178, 47.070111633778311, 741.917 ], [ 6.703311549678572, 47.073447883044615, 738.908 ], [ 6.706239645848131, 47.074205293904477, 737.758 ], [ 6.705210088831996, 47.076388978288882, 737.15 ], [ 6.707536255634277, 47.079453790950353, 737.15 ], [ 6.703550070771193, 47.080563751315239, 737.15 ], [ 6.702729012989091, 47.082139467774432, 737.15 ], [ 6.707908017944458, 47.083153270635989, 737.15 ], [ 6.708850804431483, 47.084538415211043, 746.012 ], [ 6.710286993982002, 47.084377106767406, 749.658 ], [ 6.714063325484243, 47.086594328222155, 735.163 ], [ 6.715079951625675, 47.088412354555928, 706.119 ], [ 6.72271072575215, 47.089575209938999, 692.85 ], [ 6.725874487794928, 47.091939592745746, 692.85 ], [ 6.731991994360506, 47.089465519188423, 692.85 ], [ 6.741570262133282, 47.090927064934803, 692.85 ], [ 6.744566821436528, 47.092684680650478, 692.85 ], [ 6.74672905882014, 47.097815913233866, 692.85 ], [ 6.746412556313165, 47.099667880749607, 692.85 ], [ 6.741462161262885, 47.104209259943687, 654.231 ], [ 6.739985660812334, 47.108017667752158, 647.584 ], [ 6.740543337424288, 47.109622865102985, 646.934 ], [ 6.74684375176319, 47.109990242407946, 642.357 ], [ 6.752063681432661, 47.114593039490885, 637.913 ], [ 6.764713397777466, 47.120384167410386, 625.583 ], [ 6.770590863177029, 47.121413489894351, 621.253 ], [ 6.775969625819291, 47.121363725346491, 618.19 ], [ 6.77937274953956, 47.12377114256094, 617.601 ], [ 6.791715050311901, 47.126783060747876, 616.813 ], [ 6.796893910792871, 47.12914521526762, 616.621 ], [ 6.800286389533144, 47.129014330184326, 616.091 ], [ 6.806045688012507, 47.130712099962935, 616.068 ], [ 6.808077983344718, 47.135369103260722, 616.042 ], [ 6.815714980490202, 47.135921020349379, 616.02 ], [ 6.819506077252798, 47.140016157059954, 615.996 ], [ 6.825364828436936, 47.142626069460206, 616.083 ], [ 6.828353570214017, 47.146493253143035, 616.025 ], [ 6.830395450621675, 47.146192613886178, 615.986 ], [ 6.839316168125126, 47.1499764430786, 616.07 ], [ 6.840386541675938, 47.153895681158389, 616.124 ], [ 6.849901865454599, 47.156439058135597, 609.158 ], [ 6.851534722019711, 47.159069198952572, 609.158 ], [ 6.85826926736129, 47.164335987522279, 609.158 ], [ 6.85820286301231, 47.165269856342562, 609.158 ], [ 6.85997342375572, 47.165740412533488, 610.255 ], [ 6.861491459789805, 47.165634521197781, 609.889 ], [ 6.881285422859777, 47.139576509376184, 849.404 ], [ 6.888801848395416, 47.1311325270133, 1069.486000000000104 ], [ 6.880998389619926, 47.108393268192884, 1085.075 ], [ 6.871789014957457, 47.102862824321043, 1075.629 ], [ 6.866861678356478, 47.085119524314578, 1136.275 ], [ 6.886079299643919, 47.092003145489691, 1217.242 ], [ 6.907840563003672, 47.101302458411631, 1155.509 ], [ 6.915725600005151, 47.10378587195968, 1137.117 ], [ 6.926586300943825, 47.109151871140767, 1157.792 ], [ 6.929826952914993, 47.112598553446063, 1118.869999999999891 ], [ 6.936343637606434, 47.108730963528707, 1250.398 ], [ 6.939298063825476, 47.109732622883804, 1264.809 ], [ 6.939904118785074, 47.109159216844475, 1262.727 ], [ 6.948335044854712, 47.112420332459486, 1227.929 ], [ 6.974782263716452, 47.115261842925641, 1195.878 ], [ 6.995957996743239, 47.118889423690533, 1172.911 ], [ 6.999458432643141, 47.120247855886753, 1152.663 ], [ 7.001744044976631, 47.122195321558451, 1115.571999999999889 ], [ 7.006128249896214, 47.122915097030415, 1155.411 ], [ 7.007755559397842, 47.124229494366666, 1155.443 ], [ 7.010605196418678, 47.123227607186145, 1164.041 ], [ 7.025587772228254, 47.124137668881311, 1438.753 ], [ 7.028527382852169, 47.126920121208002, 1451.961 ], [ 7.03107536175736, 47.127317234652288, 1404.895 ], [ 7.038236720130452, 47.126441546559967, 1427.523999999999887 ], [ 7.039964298160994, 47.12465202677221, 1544.128 ], [ 7.031376533115891, 47.119632295277349, 1505.867 ], [ 7.023488627106963, 47.112201746904432, 1478.835 ], [ 7.028728930883142, 47.103675065119013, 1105.027 ], [ 7.040608423462822, 47.109006451146186, 1088.971 ], [ 7.049284768128635, 47.104988819483218, 949.419 ], [ 7.057140806494225, 47.099685083473723, 831.482 ], [ 7.063252518303129, 47.099548375858781, 818.74 ], [ 7.075677631242701, 47.096263817098105, 801.137 ], [ 7.086821125442546, 47.085699214575953, 805.145 ], [ 7.087054339178074, 47.08155143400117, 854.967 ], [ 7.077004112081213, 47.07595932885269, 739.611 ], [ 7.080516615291909, 47.073209319901252, 721.641 ], [ 7.080328830730613, 47.067172580743069, 553.059 ], [ 7.08076550702976, 47.066414728691726, 515.155 ], [ 7.083146237585806, 47.066354747227138, 507.551 ], [ 7.081761295246874, 47.064602438282463, 440.374 ], [ 7.084314122797276, 47.064063254212023, 436.492 ], [ 7.087653811557879, 47.059737714056887, 429.19 ], [ 7.076080767141595, 47.050561351427973, 429.134 ], [ 7.065063813183887, 47.044903095223525, 428.96 ], [ 7.053979759903276, 47.043436295619451, 428.992 ], [ 7.050581588472189, 47.042314057464111, 429.005 ], [ 7.039236531018427, 47.03628438059431, 429.004 ], [ 7.033484697092265, 47.030337034327616, 429.004 ], [ 7.033285068130787, 47.01589074773954, 429.012 ], [ 7.030951431277287, 47.010976440450108, 429.023 ], [ 7.025108894186375, 47.006068468888735, 429.165 ], [ 7.040163360444474, 46.979844951892865, 430.548 ] ] ] } }
]
}
